Date,Time,CO(GT),PT08.S1(CO),NMHC(GT),C6H6(GT),PT08.S2(NMHC),NOx(GT),PT08.S3(NOx),NO2(GT),PT08.S4(NO2),PT08.S5(O3),T,RH,AH
06/01/2005,17.00.00,1.9,1173,-200,7.7,885,274,685,134,1288,1038,15.6,54.8,0.966
10/02/2005,05.00.00,1.5,-200,-200,-200,-200,102,-200,88,-200,-200,-200,-200,-200
03/12/2004,18.00.00,5.1,1482,-200,24,1404,634,463,134,1883,1657,16.5,71.7,13358
09/04/2004,19.00.00,3.4,-200,303,-200,-200,197,-200,137,-200,-200,-200,-200,-200
20/11/2004,03.00.00,2.4,698,-200,2.4,614,-200,1286,-200,718,591,10.4,19.2,0.242
15/01/2005,17.00.00,3,1279,-200,15.2,1154,515,573,179,1391,1544,10.5,55.1,0.6993
15/01/2005,03.00.00,1.6,979,-200,5.1,767,-200,827,-200,1041,908,3.3,82.6,0.645
07/10/2004,09.00.00,-200,1479,-200,22.2,1357,-200,491,-200,1937,1581,22.5,57,15314
31/03/2004,09.00.00,2.2,1262,216,8.6,924,181,872,125,1576,1093,10.4,74.4,0.9384
24/04/2004,15.00.00,1.7,1223,192,9,938,91,884,89,1610,880,25.6,36,11629
20/05/2004,10.00.00,2.2,1232,-200,12.4,1062,155,787,117,1707,1092,26.1,30,0.9972
20/11/2004,14.00.00,1.9,888,-200,10.9,1009,340,866,137,937,973,14.7,16.6,0.2756
05/02/2005,19.00.00,1.6,999,-200,6.2,821,263,846,174,915,926,6.4,36.8,0.3566
14/02/2005,02.00.00,1.1,1024,-200,4,709,142,798,109,1120,884,9.8,61.2,0.7413
11/12/2004,17.00.00,2.5,1042,-200,11.5,1031,369,756,131,1094,1084,16.1,23.4,0.4248
04/01/2005,03.00.00,0.8,-200,-200,-200,-200,-200,-200,-200,-200,-200,-200,-200,-200
21/12/2004,16.00.00,2.3,959,-200,8.6,924,316,899,137,993,897,8.8,35.7,0.4043
27/04/2004,07.00.00,4.1,1518,584,23.4,1389,314,589,122,2101,1703,15.9,48.5,0.8704
21/09/2004,12.00.00,3.3,1266,-200,17.7,1231,374,615,157,1768,1265,30.1,35.1,14782
07/10/2004,04.00.00,-200,924,-200,2.9,643,-200,948,-200,1329,825,19.9,66.1,15198
07/04/2004,15.00.00,1.9,1177,117,7.5,880,146,927,104,1552,776,10.9,76.4,0.9953
25/09/2004,04.00.00,0.3,724,-200,1,495,42,1531,27,1071,391,15.3,53.1,0.9181
26/10/2004,16.00.00,5.8,1669,-200,32.8,1615,760,404,166,2232,1963,24,55,16211
15/12/2004,19.00.00,3.6,-200,-200,-200,-200,484,-200,137,-200,-200,-200,-200,-200
26/10/2004,18.00.00,9.5,1908,-200,52.1,2007,952,325,180,2775,2372,22.5,61.5,16579
24/05/2004,20.00.00,1.2,895,-200,6.7,845,102,1072,96,1241,763,19.1,22.8,0.501
18/02/2005,21.00.00,2.8,1153,-200,10.1,981,424,666,202,1097,1273,8,41.3,0.4448
27/04/2004,21.00.00,2.5,1153,279,12.5,1066,135,811,122,1651,1194,19.9,37.8,0.8675
03/10/2004,04.00.00,-200,929,-200,3.9,703,-200,908,-200,1391,761,20.2,64.4,15035
14/01/2005,10.00.00,4.1,1363,-200,17.7,1229,754,515,147,1490,1638,8,71.9,0.7712
26/03/2004,18.00.00,2.4,1168,239,11.6,1037,125,868,105,1580,990,12.1,45.6,0.6403
09/10/2004,02.00.00,1.4,1150,-200,7.3,871,155,697,58,1502,1030,21.1,64.5,1594
20/02/2005,14.00.00,1,1017,-200,2.4,613,131,919,104,1007,551,8,65,0.6991
10/01/2005,04.00.00,0.6,960,-200,1.3,532,66,1059,60,1122,724,12.9,70.4,10444
28/12/2004,03.00.00,-200,961,-200,3,654,-200,925,-200,1084,755,9.5,70.1,0.8343
22/10/2004,22.00.00,1.6,1132,-200,9.7,965,164,669,74,1502,1211,21.2,65.7,16319
28/10/2004,04.00.00,-200,838,-200,3.8,700,112,936,41,1268,744,14.6,79.9,13156
06/01/2005,03.00.00,1.4,991,-200,3.5,681,-200,874,-200,1125,718,12.6,62.7,0.9121
14/11/2004,16.00.00,0.6,738,-200,1.3,529,100,1991,59,876,383,9.6,44.2,0.5289
07/10/2004,17.00.00,5.4,1623,-200,28.8,1522,398,447,111,2110,1618,28,38.5,1437
04/02/2005,14.00.00,1.9,1084,-200,8.6,923,312,712,149,1085,1046,12.9,31.8,0.4707
20/05/2004,16.00.00,2.2,1248,-200,13.7,1108,145,772,138,1701,969,32.6,19.3,0.935
22/12/2004,23.00.00,1.9,956,-200,5.7,796,248,915,132,861,1084,4.5,43.9,0.3728
28/05/2004,05.00.00,-200,814,-200,3.4,678,-200,1276,-200,1339,626,15.5,51.7,0.9019
29/05/2004,18.00.00,0.8,899,-200,5.8,803,87,1221,83,1426,596,22.4,31.3,0.8365
25/10/2004,21.00.00,3.5,1319,-200,19.1,1273,492,511,87,1806,1444,18.5,73.4,15461
04/01/2005,22.00.00,2.4,-200,-200,-200,-200,381,-200,150,-200,-200,-200,-200,-200
24/11/2004,03.00.00,1.8,1130,-200,8.4,915,-200,697,-200,1281,1205,10.6,80.3,10252
23/10/2004,03.00.00,0.8,943,-200,4.6,746,-200,852,-200,1374,864,19.3,68.1,15139
07/09/2004,07.00.00,2.5,1228,-200,13.9,1113,231,628,72,1719,1324,23.7,46.2,13376
18/11/2004,11.00.00,4.7,1416,-200,20.2,1302,1120,526,278,1471,1826,13.4,52.8,0.8086
25/10/2004,02.00.00,0.9,891,-200,4.4,735,112,878,44,1353,933,16.5,75.5,14056
11/04/2004,00.00.00,1.4,1028,84,5.1,770,75,1047,84,1326,913,11.2,56.2,0.7469
01/01/2005,13.00.00,2.2,1149,-200,8.4,914,382,742,147,1072,1242,9.5,41.2,0.4908
01/04/2004,21.00.00,2.5,1192,254,10.8,1007,154,827,124,1604,1223,16.8,44,0.8341
29/05/2004,02.00.00,0.6,892,-200,5.1,767,71,1180,84,1466,657,18,51.4,10504
10/09/2004,15.00.00,2.1,1077,-200,12.2,1056,280,908,143,1406,935,33.6,19.6,10029
15/09/2004,05.00.00,-200,940,-200,4,712,-200,961,-200,1499,848,20.6,76.2,18272
30/11/2004,14.00.00,2.2,1085,-200,9.7,967,241,943,108,1321,976,14.9,58.4,0.9839
17/03/2004,07.00.00,1.6,1173,84,7.5,878,160,1038,84,1556,1052,9.9,65.2,0.7956
15/11/2004,01.00.00,0.5,692,-200,1.1,507,65,1483,44,811,353,10.6,34.9,0.4455
09/05/2004,18.00.00,-200,1004,-200,6.3,827,-200,972,-200,1465,627,17.8,44.3,0.8929
08/01/2005,14.00.00,3.6,1387,-200,14.3,1127,516,530,175,1430,1615,13.4,55.9,0.8588
16/03/2004,09.00.00,3.7,1539,285,19.7,1287,229,698,95,2055,1507,13.6,56.3,0.8743
15/10/2004,04.00.00,-200,839,-200,2.3,604,-200,1097,-200,1259,605,15.2,79.4,13605
24/09/2004,08.00.00,5.5,1600,-200,34,1641,684,440,137,2430,1776,21.9,60.2,1.56
13/12/2004,16.00.00,4.5,1520,-200,30.1,1552,801,568,198,1615,2104,16,38.6,0.6952
09/09/2004,07.00.00,3,1200,-200,18.2,1246,553,798,136,1574,1416,19.7,37.5,0.8501
15/12/2004,01.00.00,2.3,-200,-200,-200,-200,352,-200,96,-200,-200,-200,-200,-200
09/12/2004,19.00.00,3.2,1114,-200,12.2,1057,388,777,135,1301,1079,15.1,45.4,0.7759
31/03/2004,04.00.00,0.5,851,18,0.8,477,15,1699,26,1064,343,14.5,36.1,0.5928
30/10/2004,12.00.00,3.7,1327,-200,18.7,1259,481,539,160,1826,1434,22.4,60.8,16261
09/01/2005,19.00.00,2.7,1221,-200,9.3,952,432,641,165,1334,1147,15.2,54.7,0.9362
19/09/2004,19.00.00,4.4,1345,-200,20.4,1306,489,587,188,1806,1416,27.5,38.1,13756
11/11/2004,11.00.00,4.5,1392,-200,21,1325,1145,511,194,1631,1465,11.2,80.7,10688
14/12/2004,07.00.00,1.7,1088,-200,8.7,927,494,715,111,1196,1154,6,76.7,0.722
17/11/2004,13.00.00,4.2,1317,-200,19,1269,905,554,205,1446,1679,14.7,38.9,0.6462
23/02/2005,16.00.00,2.3,1140,-200,9.2,946,377,653,224,1231,1076,5.4,75.9,0.6875
20/03/2004,19.00.00,3.5,1633,-200,16.6,1199,215,734,136,1919,1417,17.4,51.6,10159
12/11/2004,04.00.00,-200,812,-200,1.6,549,55,1213,43,1079,531,13.8,64,10042
13/12/2004,18.00.00,9.9,1881,-200,50.8,1983,1479,334,269,2271,2523,12.6,55.9,0.8142
31/03/2004,11.00.00,1.9,1277,156,7.7,886,140,902,109,1579,1004,12.2,70,0.9924
04/09/2004,23.00.00,2.6,1083,-200,13.3,1094,-200,706,-200,1537,926,29.6,24.3,0.9889
29/03/2004,08.00.00,4.1,1326,743,19.7,1289,259,714,134,1806,1431,10.9,44.1,0.5748
26/05/2004,02.00.00,-200,-200,-200,-200,-200,-200,-200,-200,-200,-200,-200,-200,-200
06/12/2004,19.00.00,4,1253,-200,17.9,1238,433,571,138,1613,1351,15.9,60.8,1088
26/03/2004,23.00.00,1.1,972,60,4.1,715,66,1237,74,1258,644,9.9,50.2,0.6103
11/01/2005,08.00.00,3.2,1474,-200,19,1268,583,502,136,1677,1503,12.1,67.6,0.95
07/10/2004,06.00.00,-200,1089,-200,7.4,873,-200,741,-200,1479,990,20.1,64.4,14967
01/04/2004,00.00.00,1.6,1143,106,6.3,825,96,986,86,1477,978,12,61.6,0.8593
29/12/2004,15.00.00,-200,892,-200,4.1,719,-200,918,-200,1019,635,12,44,0.6169
04/04/2004,18.00.00,-200,1258,-200,10,977,-200,838,-200,1636,838,22.1,39.3,10336
04/09/2004,05.00.00,0.8,958,-200,4.6,744,-200,809,-200,1419,903,22.1,54.5,14337
07/09/2004,16.00.00,1.6,958,-200,9,940,-200,820,-200,1380,728,32.4,19.4,0.9279
19/05/2004,09.00.00,4.6,1475,-200,22,1351,294,625,165,2006,1696,21,41.1,10104
04/11/2004,17.00.00,-200,1915,-200,45.9,1889,1052,340,186,2603,2110,24.8,53.9,16683
13/12/2004,22.00.00,2,1147,-200,10.9,1012,347,665,120,1214,1381,10.1,66.2,0.8185
19/05/2004,18.00.00,4.3,1379,-200,21.9,1349,214,645,162,1961,1373,26.4,30.1,10204
25/05/2004,23.00.00,-200,-200,-200,-200,-200,-200,-200,-200,-200,-200,-200,-200,-200
22/01/2005,15.00.00,0.1,1022,-200,7,857,244,770,133,1068,1088,15.8,33.8,0.6034
07/05/2004,14.00.00,1.8,890,-200,9.3,950,114,940,101,1460,655,19.8,29.7,0.678
26/12/2004,14.00.00,1,991,-200,2.7,632,123,981,88,1114,637,14.9,57.9,0.9726
05/12/2004,15.00.00,1.8,1061,-200,7.7,887,246,745,86,1367,889,12,80.8,11264
15/04/2004,02.00.00,-200,899,-200,2.1,591,-200,1243,-200,1259,815,10.7,62.3,0.7988
10/11/2004,23.00.00,2.7,1144,-200,13.4,1096,531,643,167,1394,1258,10.2,71.3,0.8859
30/12/2004,11.00.00,-200,861,-200,4.1,716,-200,973,-200,921,628,11.7,34.4,0.4712
04/12/2004,05.00.00,1.7,1032,-200,6.8,848,277,751,71,1266,972,11.4,81.1,10928
14/12/2004,00.00.00,1.9,1071,-200,7.4,873,339,739,107,1150,1193,8.6,70.5,0.7915
01/01/2005,08.00.00,1.1,915,-200,3,653,169,973,94,905,901,2.6,63.2,0.4721
23/10/2004,22.00.00,2.6,1297,-200,14.6,1136,283,567,89,1725,1307,20.3,70.5,16599
15/10/2004,14.00.00,-200,1067,-200,13,1085,-200,684,-200,1548,985,23.3,40.4,11421
08/04/2004,00.00.00,1.4,1020,88,4.8,752,95,1074,97,1398,839,9.3,75,0.8799
01/02/2005,01.00.00,1.1,996,-200,3.8,698,153,871,123,894,1228,4.1,50.1,0.415
26/11/2004,02.00.00,2.1,1121,-200,8.1,901,308,712,98,1215,1134,8.9,71.8,0.818
14/10/2004,13.00.00,-200,1052,-200,9.7,966,-200,726,-200,1446,982,22.2,41.4,1097
08/12/2004,01.00.00,1.9,1111,-200,7,856,176,746,81,1254,1036,14.7,60.3,10031
31/01/2005,03.00.00,0.5,787,-200,0.5,446,-200,1395,-200,657,310,4,36.4,0.2989
19/02/2005,07.00.00,1.1,993,-200,4.5,736,235,819,148,941,1018,0.9,64.6,0.4294
01/11/2004,04.00.00,-200,1253,-200,16.9,1206,291,540,52,1779,1579,18.4,77.9,16389
31/03/2004,07.00.00,3.1,1636,342,15.6,1168,207,721,110,1926,1438,13.8,58.2,0.9129
16/03/2004,16.00.00,2.9,1407,201,16.6,1197,184,905,129,1759,1313,28.2,18.6,0.7014
12/04/2004,13.00.00,0.6,895,39,1.4,536,53,1415,56,1229,421,11.2,64.4,0.8537
19/12/2004,17.00.00,3.6,1298,-200,13,1082,452,642,148,1287,1237,4.7,82.8,0.7157
02/01/2005,12.00.00,2.2,1130,-200,7.1,860,379,752,148,1058,1218,8,51.2,0.5516
15/09/2004,06.00.00,-200,1048,-200,7.8,891,-200,791,-200,1654,992,20.1,77.4,1802
25/04/2004,18.00.00,1.5,1001,137,6,811,98,1122,83,1344,625,18.5,27.8,0.5843
25/04/2004,04.00.00,-200,777,40,1.2,521,23,1535,33,1121,350,12.5,51.2,0.7374
09/11/2004,09.00.00,-200,1239,-200,22.8,1373,-200,550,-200,1593,1495,7.1,62,0.6265
17/05/2004,02.00.00,0.5,773,-200,1.8,568,25,1474,37,1113,392,18.4,27.6,0.5799
31/05/2004,11.00.00,1.4,1044,-200,12.6,1069,144,889,123,1683,942,28.9,26,10188
01/01/2005,16.00.00,2.1,1102,-200,7.7,885,313,772,139,1051,1142,12.8,32.6,0.4814
13/04/2004,19.00.00,5,1479,680,21.7,1343,259,631,144,1995,1579,14.7,47,0.7815
15/02/2005,08.00.00,1.5,1047,-200,6.7,844,363,784,196,979,987,6.1,39.9,0.3781
28/02/2005,13.00.00,1.1,840,-200,3.1,661,185,1016,125,757,435,4,36.8,0.3016
10/02/2005,21.00.00,4.5,-200,-200,-200,-200,605,-200,225,-200,-200,-200,-200,-200
28/02/2005,11.00.00,0.9,809,-200,2,587,200,1084,123,744,434,3.1,43.3,0.3354
21/09/2004,04.00.00,0.4,814,-200,2.1,589,42,1119,36,1246,565,20.8,55.9,13581
01/09/2004,01.00.00,1.3,953,-200,7,858,136,742,79,1544,780,22.8,58.5,15992
02/05/2004,20.00.00,2.6,1292,-200,10.7,1003,170,789,108,1753,1163,19.9,54.9,12632
26/04/2004,21.00.00,1.6,1017,99,6.7,842,89,1000,101,1441,846,17.3,38.8,0.7596
12/01/2005,04.00.00,-200,1002,-200,4.2,722,162,807,85,1161,998,10.7,71.3,0.9161
06/09/2004,00.00.00,1.3,957,-200,4.1,717,-200,911,-200,1322,579,25.3,36.9,11764
05/01/2005,09.00.00,4.8,1596,-200,21.6,1341,830,436,162,1672,1991,9.1,67.5,0.7831
14/05/2004,08.00.00,-200,1512,-200,29.1,1530,-200,527,-200,2326,1725,20,45.6,10524
21/10/2004,07.00.00,2.7,1303,-200,16.6,1198,332,578,83,1791,1235,21.9,64.8,1683
07/01/2005,15.00.00,3.3,1341,-200,14.8,1142,564,536,168,1454,1537,12.6,57.7,0.8387
12/01/2005,11.00.00,3.5,1383,-200,16.5,1196,800,497,191,1514,1717,11.8,65.5,0.901
28/09/2004,17.00.00,4.8,1323,-200,26.8,1474,501,554,173,1854,1547,28,23.3,0.8681
09/01/2005,21.00.00,2.5,1231,-200,9.6,962,412,625,151,1348,1192,14.4,58.2,0.9495
19/05/2004,14.00.00,2.1,1208,-200,13,1083,121,792,118,1702,891,31,22.6,10012
13/10/2004,03.00.00,-200,704,-200,0.5,444,-200,1558,-200,1050,394,14.4,57.6,0.9416
13/04/2004,17.00.00,3,1289,425,15.3,1158,184,755,118,1791,1196,16.1,42.8,0.7783
24/11/2004,05.00.00,1,931,-200,3.4,679,151,947,66,1138,867,10.5,77.8,0.9839
03/11/2004,21.00.00,2.4,1140,-200,12.7,1072,267,626,90,1597,1143,21.7,57.7,14766
13/10/2004,12.00.00,-200,945,-200,7.7,886,-200,818,-200,1307,827,18,46.1,0.9401
22/03/2004,14.00.00,2.2,1100,-200,11.2,1021,133,952,99,1607,822,21.3,26.1,0.6539
28/01/2005,05.00.00,0.5,818,-200,0.9,486,58,1282,49,781,422,4,47.8,0.3919
07/05/2004,17.00.00,3.6,1247,-200,17.9,1238,187,691,124,1948,1036,12.9,69.1,10249
04/09/2004,15.00.00,1.6,1029,-200,8.3,913,-200,787,-200,1373,607,38.3,19.3,12736
09/05/2004,03.00.00,-200,1034,-200,8.7,928,-200,848,-200,1619,1005,12.1,68.6,0.964
11/11/2004,16.00.00,3.2,1172,-200,13.7,1107,552,629,186,1449,1106,12.2,75.7,10693
07/02/2005,07.00.00,0.8,963,-200,2.4,615,177,980,133,837,916,3.4,47,0.3713
17/03/2004,06.00.00,0.5,891,18,1.9,576,46,1417,53,1289,733,11.9,57.4,0.7978
14/03/2004,21.00.00,3.4,1560,214,14.7,1140,217,784,146,1818,1648,16.7,49.6,0.932
28/10/2004,19.00.00,2.7,1140,-200,14.2,1122,262,619,103,1602,1208,19.7,64.5,14594
27/01/2005,20.00.00,3,1086,-200,11.5,1032,343,717,202,1049,1136,4.7,38.3,0.3306
22/02/2005,21.00.00,2.7,1122,-200,8.5,919,339,680,218,1201,981,4.3,79.5,0.6648
23/11/2004,09.00.00,5.7,1578,-200,27.6,1494,980,448,160,1854,1800,9.9,77.6,0.9488
10/11/2004,09.00.00,2,1021,-200,9.5,959,332,760,149,1297,910,7.9,73.5,0.7883
29/03/2004,05.00.00,0.7,898,33,1.7,559,55,1441,70,1180,648,10.1,51.2,0.6341
15/11/2004,04.00.00,-200,681,-200,0.4,428,24,1768,21,817,297,10.7,39.2,0.5045
06/04/2004,09.00.00,4.4,1524,776,22,1350,256,588,125,2096,1604,18.4,46.3,0.9734
23/01/2005,22.00.00,-200,1044,-200,3.5,685,141,903,104,1042,860,5.8,74.4,0.6924
04/04/2004,04.00.00,-200,1028,-200,3.5,682,-200,1090,-200,1448,697,14.3,65.3,10594
20/04/2004,13.00.00,-200,1250,-200,15.8,1173,-200,720,-200,1870,1282,21.8,39.6,10209
22/03/2004,15.00.00,2.1,1094,-200,10.7,1003,130,965,99,1574,813,21.3,26.8,0.6681
03/04/2004,16.00.00,-200,1361,-200,13.5,1102,-200,834,-200,1704,991,25.8,26.5,0.8675
01/11/2004,11.00.00,2.6,1293,-200,13.9,1114,326,584,88,1702,1704,25.1,56,17565
15/11/2004,00.00.00,0.6,696,-200,1.3,532,96,1416,62,814,393,10.9,33.5,0.4378
13/11/2004,14.00.00,3.3,1234,-200,12.1,1053,364,639,133,1476,1114,21.5,43.1,10919
03/11/2004,14.00.00,2.5,1192,-200,13,1085,266,617,79,1638,1170,26.6,42.5,14568
13/03/2004,19.00.00,4.2,1609,258,19.6,1286,277,758,165,1922,1612,15.8,42.4,0.7569
22/03/2004,07.00.00,1.2,1090,-200,5.1,768,86,1072,76,1538,699,15.7,57.6,10195
16/11/2004,16.00.00,2.4,1017,-200,11.4,1029,483,768,148,1160,1046,17.6,23.7,0.473
12/05/2004,01.00.00,0.8,986,-200,5.2,771,54,964,67,1518,947,17.6,57.6,11484
29/01/2005,13.00.00,1.1,877,-200,2.5,618,135,1027,96,830,505,3.1,48.1,0.3722
02/09/2004,06.00.00,0.8,903,-200,5.8,803,87,819,58,1471,853,21.8,55.5,14323
30/01/2005,03.00.00,1.1,884,-200,2.2,599,-200,1065,-200,813,503,3.1,45.2,0.3504
12/02/2005,10.00.00,2.7,1381,-200,11.9,1045,496,541,221,1307,1706,7.8,58,0.6136
17/01/2005,10.00.00,3.1,1196,-200,14.7,1139,530,617,186,1271,1497,4.6,52.1,0.4472
16/12/2004,22.00.00,5.4,-200,-200,-200,-200,1060,-200,186,-200,-200,-200,-200,-200
26/04/2004,09.00.00,1.4,941,89,5.3,780,113,1080,84,1343,720,16.3,38.4,0.7052
05/02/2005,10.00.00,1.3,966,-200,4.9,760,302,877,200,890,940,7.5,39.2,0.4091
08/12/2004,03.00.00,1.5,1051,-200,6.1,815,-200,1305,-200,1203,951,12.3,69.7,0.9954
14/01/2005,07.00.00,1.4,1079,-200,7.3,869,374,732,110,1160,1039,5.7,79.3,0.7326
04/04/2004,07.00.00,-200,1034,-200,3.5,684,-200,1110,-200,1423,813,13.7,64.8,10135
14/10/2004,07.00.00,-200,1079,-200,10.2,985,-200,758,-200,1465,1009,15.3,56.3,0.9684
26/05/2004,05.00.00,-200,-200,-200,-200,-200,-200,-200,-200,-200,-200,-200,-200,-200
27/09/2004,16.00.00,2,1020,-200,11.8,1042,251,788,112,1401,927,24.2,27.2,0.8128
06/05/2004,09.00.00,3.4,1176,-200,16.4,1191,220,705,130,1836,1217,17.9,46.1,0.9388
05/12/2004,18.00.00,2.4,1120,-200,8.9,935,275,744,93,1385,922,12,78.4,10954
23/02/2005,17.00.00,2.5,1160,-200,10.3,990,403,632,238,1254,1090,4.9,78.2,0.6826
25/11/2004,14.00.00,2.5,1142,-200,12.8,1078,358,670,126,1256,1261,16.4,38.2,0.7081
01/05/2004,01.00.00,2.4,1179,-200,9.3,951,129,826,84,1724,1323,17.3,68.3,13346
25/09/2004,21.00.00,1.7,897,-200,7.4,875,223,937,88,1227,902,18.4,33.2,0.6975
22/10/2004,09.00.00,2.9,1315,-200,18.7,1261,341,535,88,1830,1554,22.3,60.6,16069
01/04/2004,22.00.00,2,1186,188,9.9,976,127,844,113,1570,1200,15.8,48,0.8569
18/04/2004,22.00.00,-200,1078,-200,6.6,841,-200,920,-200,1595,962,15.5,63.3,11071
02/04/2004,06.00.00,1.1,1067,93,4.3,727,91,1055,82,1448,903,11.4,71.8,0.9671
30/09/2004,16.00.00,3.9,1505,-200,23.4,1388,422,516,146,1978,1503,25.8,44.8,14644
14/11/2004,15.00.00,0.5,703,-200,1.1,512,81,2121,48,837,356,10.5,37.9,0.4821
11/10/2004,08.00.00,3.5,1326,-200,24.5,1416,366,499,68,1971,1395,20.2,66.6,15567
12/09/2004,02.00.00,-200,1108,-200,8.4,917,-200,797,-200,1495,1129,22,55.8,14585
21/11/2004,01.00.00,1.5,1065,-200,9.7,968,428,808,196,1059,1249,4.9,53,0.4629
22/05/2004,07.00.00,1.2,1153,-200,9.2,947,107,795,80,1643,1076,17.2,52.9,10276
19/02/2005,10.00.00,2.2,1085,-200,5.7,800,346,750,200,983,1219,3.1,57.2,0.4402
14/05/2004,07.00.00,3.7,1388,-200,22.8,1372,272,601,140,2105,1449,18.5,49.4,10397
10/11/2004,22.00.00,2.2,1048,-200,9.9,973,346,731,148,1298,1074,10.5,70.3,0.893
19/11/2004,11.00.00,3.5,1290,-200,13.8,1110,612,571,231,1512,1441,17,55.9,10741
23/11/2004,15.00.00,5.1,1581,-200,25.5,1442,933,435,202,1839,1966,14.2,66.8,1073
12/02/2005,22.00.00,5,1755,-200,22,1352,839,417,241,1587,2375,10.2,60,0.7461
14/12/2004,20.00.00,5.3,-200,-200,-200,-200,791,-200,167,-200,-200,-200,-200,-200
24/02/2005,21.00.00,3.5,1324,-200,14.1,1121,547,531,262,1399,1481,6,78,0.7345
24/12/2004,19.00.00,6.4,-200,-200,-200,-200,641,-200,168,-200,-200,-200,-200,-200
28/02/2005,16.00.00,0.9,799,-200,2.5,617,158,1099,114,699,382,3.3,33.1,0.2592
05/11/2004,02.00.00,1.5,1010,-200,7.6,884,216,719,59,1430,938,16.8,73.3,13915
27/01/2005,05.00.00,0.4,778,-200,0.3,417,27,1531,26,745,312,4.1,45.9,0.3804
27/10/2004,10.00.00,3.2,1278,-200,16.1,1182,561,585,132,1734,1354,19.7,65.4,14854
14/04/2004,05.00.00,0.9,905,47,3.3,670,79,1191,62,1346,820,10.2,65.8,0.8196
27/09/2004,22.00.00,1.5,932,-200,8.4,914,192,837,105,1298,1000,17.4,42.8,0.8463
29/05/2004,23.00.00,2.7,1065,-200,13.7,1106,142,897,112,1707,929,19,38.2,0.8327
31/10/2004,11.00.00,2.4,1240,-200,11,1014,303,628,77,1643,1144,23,64.6,17851
24/12/2004,12.00.00,6,1419,-200,18.5,1254,670,524,167,1406,1950,8,55.9,0.6018
06/10/2004,12.00.00,-200,1359,-200,16.5,1195,-200,542,-200,1784,1376,26.8,44.6,15467
12/09/2004,17.00.00,-200,1287,-200,8.3,911,-200,796,-200,1664,942,28,53.2,1981
18/12/2004,10.00.00,3.3,1228,-200,15.7,1170,567,596,153,1375,1332,12.6,54,0.784
01/09/2004,07.00.00,3.6,1252,-200,20.9,1320,451,499,99,2001,1374,20.6,62.3,14915
03/10/2004,22.00.00,-200,1092,-200,8.3,911,-200,735,-200,1506,1052,22,59.8,1562
20/11/2004,23.00.00,0.7,992,-200,7.2,867,256,876,133,997,1196,6.1,45.2,0.4295
23/03/2004,05.00.00,0.3,834,19,0.6,459,13,1908,22,1212,361,8.8,80.5,0.9147
12/01/2005,01.00.00,2.4,1280,-200,11.4,1029,399,564,123,1366,1363,11.4,69.6,0.9373
09/12/2004,11.00.00,1.4,950,-200,5.4,786,282,1038,101,1145,850,14.7,52.5,0.8716
01/05/2004,22.00.00,3.6,1358,-200,14.8,1144,184,727,115,1851,1243,17.4,57.6,11342
19/12/2004,07.00.00,0.7,828,-200,3.1,660,156,1078,85,881,781,2.2,60.1,0.4361
29/10/2004,03.00.00,0.6,868,-200,2.2,596,-200,1092,-200,1276,579,18.7,73.5,15664
24/01/2005,14.00.00,0.7,947,-200,5.6,791,-200,825,-200,963,785,10.9,34.9,0.456
24/03/2004,13.00.00,1.7,1118,144,8.7,927,119,959,96,1477,825,16.9,34.6,0.6597
30/10/2004,16.00.00,3.9,1394,-200,19.1,1272,461,526,135,1869,1442,22.9,61.6,17014
24/10/2004,13.00.00,1.1,1000,-200,5.9,807,95,811,52,1376,825,25.3,46.7,14874
12/11/2004,00.00.00,1.2,932,-200,4.5,740,167,926,92,1180,774,12.9,69.9,10371
06/01/2005,05.00.00,0.9,1005,-200,3.4,679,89,875,67,1120,745,10.7,69.5,0.8919
19/09/2004,12.00.00,2.2,1098,-200,11,1015,250,754,129,1508,996,32.2,24.7,11696
24/04/2004,14.00.00,2,1338,215,11,1016,98,798,95,1766,1194,24.3,41.8,12561
29/10/2004,14.00.00,5.5,1513,-200,26.1,1457,706,463,163,2125,1393,19.7,82.2,18669
01/01/2005,19.00.00,3.6,1328,-200,11.4,1029,622,637,172,1188,1611,8.1,54.1,0.5882
27/09/2004,18.00.00,3.9,1119,-200,17.8,1233,407,670,148,1539,1270,22.3,29.2,0.7773
08/05/2004,09.00.00,-200,1079,-200,7.7,885,-200,884,-200,1588,974,13.6,66.1,10236
21/04/2004,21.00.00,-200,1209,-200,16.4,1193,-200,753,-200,1737,1310,19.8,39.5,0.9016
26/01/2005,21.00.00,1.1,1006,-200,6.2,822,232,794,151,1025,897,4.7,50.8,0.4398
14/10/2004,11.00.00,-200,1013,-200,8,901,-200,788,-200,1369,975,21.9,39.4,10234
06/05/2004,10.00.00,2.5,1043,-200,12.5,1066,161,789,114,1692,1014,20.2,37.7,0.8833
08/10/2004,19.00.00,3.1,1472,-200,21.1,1327,323,497,101,1895,1516,25.2,49.5,15665
04/05/2004,07.00.00,4.5,1564,-200,23,1379,302,552,109,2306,1393,16.6,78,14572
01/02/2005,00.00.00,1.3,1038,-200,4.8,756,200,813,146,921,1317,4.2,49.4,0.412
25/05/2004,11.00.00,3.2,1153,-200,18.5,1253,289,815,155,1541,1381,28.3,9.9,0.3754
14/05/2004,12.00.00,2,984,-200,10.5,998,134,905,97,1523,862,25.9,23.6,0.7771
19/10/2004,16.00.00,-200,1267,-200,15.1,1151,-200,593,-200,1671,1528,21.7,57.6,14756
01/01/2005,10.00.00,1.2,973,-200,4.7,748,190,878,97,968,991,4.7,57.2,0.4932
26/04/2004,02.00.00,0.4,803,36,1.3,527,17,1513,25,1152,369,14.1,45.3,0.7247
26/11/2004,18.00.00,10.1,1956,-200,45.2,1877,1389,347,255,2338,2465,15.5,62.8,10979
25/05/2004,05.00.00,0.1,774,-200,1.7,560,45,1386,51,1107,532,11.6,40,0.5462
06/04/2004,10.00.00,2.9,1329,470,14.1,1119,182,707,107,1823,1288,19.6,41.8,0.9407
04/10/2004,10.00.00,-200,1376,-200,21,1324,-200,527,-200,1886,1571,22.9,52.6,14519
24/09/2004,21.00.00,0.7,795,-200,2.2,596,93,1227,57,1188,482,14,75.4,11988
23/01/2005,08.00.00,-200,879,-200,2.1,594,134,1119,98,839,792,2.5,54.1,0.4017
22/11/2004,03.00.00,0.1,870,-200,3.5,684,-200,997,-200,895,936,3.7,56.3,0.4544
21/11/2004,16.00.00,0.9,1018,-200,8.2,907,292,889,127,981,1150,14.9,21.7,0.3646
25/05/2004,13.00.00,2.2,1091,-200,15.8,1172,162,874,127,1459,1105,31.6,9.2,0.419
22/01/2005,11.00.00,1.5,1439,-200,16.6,1198,628,502,246,1426,1877,11.6,59.8,0.8152
18/11/2004,04.00.00,1.2,893,-200,3.8,701,185,935,84,1045,844,6.4,74,0.7134
01/09/2004,19.00.00,4.4,1261,-200,25.7,1446,358,528,154,2061,1346,30,28.5,11896
30/09/2004,05.00.00,-200,911,-200,4,710,-200,932,-200,1226,850,17.5,57.1,11311
07/04/2004,09.00.00,2.3,1150,211,8.6,925,152,865,116,1576,820,13.6,61.4,0.9519
13/12/2004,23.00.00,1.7,1103,-200,8.7,928,327,715,112,1174,1287,9,70.1,0.8036
25/02/2005,00.00.00,2.5,1181,-200,8.1,905,356,657,202,1215,1106,5.3,84.1,0.753
19/04/2004,23.00.00,-200,985,-200,5.3,780,-200,1017,-200,1444,791,10.1,77.5,0.9579
01/09/2004,12.00.00,2.2,1051,-200,13.3,1094,224,646,108,1675,966,32.4,26.3,12594
10/12/2004,04.00.00,-200,721,-200,0.7,470,42,2331,35,815,367,13.2,35.6,0.5375
05/04/2004,10.00.00,3.1,1461,424,14.3,1127,236,703,124,1836,1451,15.6,57.4,10075
20/01/2005,12.00.00,2.6,1135,-200,11.9,1047,529,641,151,1175,1379,13.9,32.3,0.5117
06/01/2005,19.00.00,2.8,1330,-200,12.4,1063,488,578,169,1419,1352,14,60.1,0.9566
11/05/2004,17.00.00,3.5,1336,-200,21.1,1326,188,674,125,1923,1255,26.3,27.5,0.9306
20/05/2004,05.00.00,0.3,925,-200,2.3,609,26,1168,35,1363,533,17.3,54.1,10582
24/03/2004,23.00.00,1.3,973,79,4.5,739,81,1186,87,1354,589,10.4,61.1,0.7717
28/01/2005,11.00.00,1.5,990,-200,5.9,808,279,838,176,975,901,4.6,49.7,0.4271
26/11/2004,19.00.00,6.4,1676,-200,30.7,1568,866,444,170,1983,2096,15.6,64.9,11396
19/09/2004,06.00.00,0.6,811,-200,2.9,644,76,1144,44,1289,655,18.2,60.8,12567
15/05/2004,04.00.00,-200,867,-200,4.4,734,48,1043,58,1324,808,14.6,51.4,0.8489
14/02/2005,15.00.00,1.1,941,-200,5.8,800,157,823,115,917,671,12.6,30.6,0.4443
28/01/2005,03.00.00,0.8,845,-200,1.4,534,-200,1146,-200,781,519,3.5,48,0.3822
08/10/2004,20.00.00,2.9,1412,-200,18.6,1256,333,525,98,1797,1435,24.9,50.9,15856
06/11/2004,01.00.00,1.8,1106,-200,9,938,247,685,76,1395,1010,16.1,71.2,12948
05/05/2004,15.00.00,3.5,1242,-200,16.4,1193,221,684,125,1945,1175,17.5,60.8,12029
30/10/2004,22.00.00,2.4,1119,-200,10.2,984,311,688,90,1539,1082,20.1,66.7,15548
06/02/2005,15.00.00,0.8,868,-200,1.9,576,96,1128,78,755,363,10.3,27.7,0.3481
26/10/2004,20.00.00,5,1465,-200,24,1404,561,468,127,1962,1736,22.6,58.3,15829
20/09/2004,00.00.00,1.1,980,-200,5.7,800,100,863,79,1407,903,22.7,53.8,14666
10/11/2004,02.00.00,0.6,798,-200,2.2,600,-200,1151,-200,1049,543,7.3,78.1,0.8041
23/09/2004,22.00.00,2.1,1111,-200,10.3,991,218,721,109,1559,1028,24.1,50.7,14959
28/05/2004,22.00.00,1,979,-200,7,857,97,1082,96,1546,797,19.8,46.8,10697
21/02/2005,02.00.00,0.8,910,-200,1.2,518,66,1130,59,936,404,5.7,70.3,0.6498
04/11/2004,09.00.00,3.6,1384,-200,23.3,1386,435,504,88,1833,1404,17.8,65.4,13213
16/05/2004,09.00.00,1.6,1047,-200,8.2,908,119,913,89,1458,981,19.2,35.4,0.7812
11/09/2004,21.00.00,-200,1229,-200,10.9,1012,-200,743,-200,1562,1103,26.1,41.1,13705
03/01/2005,12.00.00,1.7,-200,-200,-200,-200,265,-200,115,-200,-200,-200,-200,-200
17/05/2004,03.00.00,0.4,771,-200,1.4,533,-200,1566,-200,1110,360,17.4,30.2,0.5945
09/04/2004,07.00.00,2.6,-200,196,-200,-200,250,-200,111,-200,-200,-200,-200,-200
01/04/2004,01.00.00,1.2,1044,100,5.1,770,85,1031,70,1425,944,11.5,63.9,0.8652
08/01/2005,11.00.00,2.5,1195,-200,10.4,992,387,632,141,1251,1295,11.6,54.1,0.7387
15/02/2005,00.00.00,1,884,-200,3.1,658,126,982,102,813,581,8.7,31.2,0.3521
19/12/2004,15.00.00,3.4,1235,-200,14,1118,453,612,148,1354,1222,4.8,81.4,0.7055
25/02/2005,21.00.00,2.3,1059,-200,8.1,905,356,735,179,1098,1130,7.3,52.8,0.5404
23/02/2005,09.00.00,1.9,1033,-200,6.2,820,360,740,198,1114,870,4.3,79.8,0.6706
15/09/2004,15.00.00,-200,1339,-200,18.6,1257,-200,579,-200,2031,1360,24.6,63.9,19459
19/09/2004,03.00.00,1.2,949,-200,7.8,890,-200,854,-200,1484,884,18.8,59.8,12847
31/05/2004,16.00.00,1.8,1104,-200,15.7,1171,150,827,128,1803,968,28.1,29.8,11132
11/04/2004,20.00.00,1.1,922,65,3.4,674,63,1220,78,1205,498,15.6,37.5,0.6575
09/04/2004,14.00.00,2.2,-200,159,-200,-200,176,-200,119,-200,-200,-200,-200,-200
23/02/2005,23.00.00,1.5,1016,-200,4.6,744,231,825,167,1053,1020,4.2,77.9,0.6479
27/11/2004,02.00.00,3.8,1424,-200,14.9,1145,574,641,122,1482,1615,12.4,78.4,11269
27/09/2004,19.00.00,4.3,1173,-200,20.9,1322,490,633,158,1679,1365,20.8,32.5,0.7873
29/05/2004,06.00.00,0.1,762,-200,2,581,41,1588,45,1277,434,17.9,46.1,0.9383
22/02/2005,12.00.00,2,1123,-200,9.1,942,324,653,208,1225,1105,11.4,48.9,0.658
04/09/2004,09.00.00,2,1156,-200,10.3,988,-200,615,-200,1634,1250,26.7,43,14808
26/11/2004,14.00.00,5.6,1608,-200,27.2,1483,949,446,208,1845,2058,15.8,56.3,10026
05/05/2004,05.00.00,0.8,927,-200,3.5,682,56,1109,54,1526,580,14.6,77.1,12727
23/03/2004,13.00.00,3.5,1310,325,16.9,1207,208,770,132,1847,1301,13.8,53.4,0.8351
09/02/2005,07.00.00,1,-200,-200,-200,-200,233,-200,149,-200,-200,-200,-200,-200
09/11/2004,13.00.00,-200,1020,-200,11.8,1041,-200,733,-200,1245,1123,12.5,42.3,0.6104
05/12/2004,21.00.00,1.7,965,-200,4.4,733,225,909,93,1173,790,12.6,70.5,10239
13/01/2005,04.00.00,1.1,915,-200,3.7,695,192,883,86,1094,826,6.2,82.1,0.7825
09/05/2004,10.00.00,-200,977,-200,4.5,737,-200,1025,-200,1450,686,17.8,49.5,0.9986
20/09/2004,09.00.00,5.7,1479,-200,27.5,1490,737,494,159,2146,1749,23.5,49.7,14156
16/02/2005,00.00.00,1.9,1134,-200,8.3,912,336,707,182,999,1376,6.3,40.1,0.3842
18/02/2005,03.00.00,0.8,931,-200,1.9,580,-200,983,-200,863,487,5.6,52.9,0.4855
27/02/2005,18.00.00,1.2,905,-200,2.9,648,188,1007,132,822,509,6.8,41,0.4072
02/10/2004,06.00.00,-200,1066,-200,6.3,827,-200,751,-200,1479,1024,20.1,65.9,15321
20/10/2004,02.00.00,-200,1118,-200,9.3,951,-200,675,-200,1509,1124,19.4,70.1,15626
29/12/2004,21.00.00,-200,934,-200,4.7,750,-200,891,-200,1035,798,10.7,47.7,0.6127
16/03/2004,11.00.00,4.1,1571,327,20,1297,314,730,162,1973,1729,21.4,33.3,0.8417
07/04/2004,19.00.00,3.1,1262,345,14.5,1133,157,774,129,1748,1033,11.3,71.3,0.9514
20/04/2004,01.00.00,-200,887,-200,2.9,648,-200,1222,-200,1357,553,9.5,80.2,0.9533
13/02/2005,04.00.00,2.8,1515,-200,12.5,1066,345,508,140,1430,1548,8.9,81.3,0.9277
15/03/2004,00.00.00,1.8,1239,66,7.4,872,104,985,99,1547,1250,14.8,54.7,0.9164
16/01/2005,19.00.00,2,1008,-200,7.1,861,331,839,160,977,943,8.3,38.5,0.4228
29/04/2004,22.00.00,2.7,1342,202,13.7,1106,156,694,102,1856,1443,17.8,61,12352
12/03/2004,08.00.00,4.4,1587,202,17.9,1236,307,897,141,1900,1400,7.3,63.1,0.6499
10/01/2005,07.00.00,0.4,1162,-200,6.7,843,303,685,104,1336,1027,12.3,73.3,10448
28/09/2004,08.00.00,4.3,1268,-200,27.1,1482,498,550,135,1849,1533,14.4,55.7,0.9087
25/04/2004,10.00.00,1,882,44,2.5,621,61,1346,56,1216,403,16.6,38.6,0.7236
18/11/2004,08.00.00,4.5,1407,-200,21.5,1339,992,531,225,1584,1533,7.7,72.5,0.7666
26/09/2004,12.00.00,1,846,-200,3.6,688,127,1127,58,1138,518,22.7,30.2,0.8217
23/10/2004,11.00.00,3,1356,-200,16.2,1187,441,534,102,1738,1465,23.3,57.5,16169
04/04/2004,08.00.00,-200,1130,-200,4.2,720,-200,1063,-200,1461,828,15.3,59,10181
01/04/2004,18.00.00,4.2,1529,589,21.2,1331,211,700,132,2028,1399,22.8,32.1,0.8814
01/05/2004,16.00.00,2,1053,-200,8.3,911,98,949,91,1603,683,25.5,33.5,10767
26/09/2004,07.00.00,1,835,-200,5.4,785,148,989,56,1224,780,12.2,63.2,0.8964
10/12/2004,20.00.00,3.5,980,-200,14.5,1132,460,742,151,1102,1125,12.8,21.7,0.3182
18/10/2004,07.00.00,-200,1237,-200,20.8,1319,-200,576,-200,1741,1271,13.3,70.4,10711
18/01/2005,19.00.00,5.5,1582,-200,26,1455,875,423,216,1725,1813,5.1,83,0.7352
04/04/2004,11.00.00,-200,1268,-200,8.1,902,-200,906,-200,1589,932,23.3,37.1,10457
07/09/2004,18.00.00,3.3,1120,-200,16,1181,-200,653,-200,1604,1028,31.1,21,0.9337
14/04/2004,12.00.00,2.1,1122,238,10.4,993,132,859,95,1571,993,18.4,34.2,0.7185
17/10/2004,00.00.00,-200,871,-200,2.6,628,-200,1118,-200,1228,557,16.5,68.5,12753
20/05/2004,18.00.00,4.1,1401,-200,23.7,1396,231,645,168,2009,1402,27.7,24.8,0.9106
12/10/2004,09.00.00,-200,979,-200,8.4,917,-200,795,-200,1398,903,18.1,56.4,11645
27/11/2004,11.00.00,4.2,1481,-200,16.7,1202,699,768,136,1639,1532,15.1,73.2,1244
01/09/2004,06.00.00,1.3,1039,-200,8.5,921,268,687,92,1556,1115,19.8,64.3,14678
09/02/2005,14.00.00,2.3,-200,-200,-200,-200,241,-200,152,-200,-200,-200,-200,-200
01/04/2004,20.00.00,4.9,1536,655,20.2,1302,269,666,161,1922,1599,18.3,40.9,0.8493
26/01/2005,15.00.00,0.3,864,-200,3.4,678,198,987,132,866,579,5.6,42.4,0.3884
10/11/2004,18.00.00,2.5,1050,-200,12.6,1070,435,699,141,1334,1087,10.6,56.9,0.7281
01/11/2004,18.00.00,4,1472,-200,19.8,1290,523,510,95,1942,1420,21.8,72.7,18789
01/11/2004,22.00.00,3.2,1260,-200,15.3,1160,403,568,79,1755,1231,19.6,75.3,16981
21/02/2005,18.00.00,2.2,1177,-200,8.8,931,293,656,193,1281,979,5.8,77.8,0.7223
27/05/2004,22.00.00,-200,1026,-200,10.3,990,-200,1032,-200,1553,972,20.5,35.3,0.8435
17/04/2004,10.00.00,-200,1228,-200,9.2,949,-200,838,-200,1706,1069,14.6,74.9,12348
18/10/2004,20.00.00,-200,1489,-200,29.3,1534,-200,444,-200,2080,1686,17.8,66.3,1341
09/11/2004,06.00.00,-200,780,-200,3.2,666,-200,1099,-200,1003,697,3.2,76.8,0.5963
31/03/2004,17.00.00,2.4,1253,263,11.3,1026,128,810,103,1681,1048,15.2,52.9,0.9087
29/03/2004,23.00.00,1,900,55,2.8,643,55,1339,74,1089,455,12.4,31.9,0.4583
26/02/2005,09.00.00,1.5,933,-200,4.1,714,227,899,133,927,706,6.7,49.5,0.4892
12/03/2004,23.00.00,5.4,1677,367,21.8,1346,300,741,134,2062,1657,9.7,64.6,0.7771
06/10/2004,18.00.00,-200,1559,-200,26.9,1476,-200,463,-200,2022,1660,25.7,44.1,14331
19/04/2004,15.00.00,-200,1084,-200,8.8,933,-200,872,-200,1602,801,11.1,75.6,0.9974
07/11/2004,20.00.00,3.1,1064,-200,12.2,1055,412,738,138,1242,1063,14.1,43,0.6883
07/01/2005,21.00.00,4.8,1387,-200,17.7,1231,737,523,156,1487,1463,5.8,83.8,0.7768
26/01/2005,16.00.00,0.3,902,-200,4.2,721,203,924,133,900,666,5.7,43.1,0.3984
16/05/2004,16.00.00,1.4,1217,-200,9.2,947,66,887,85,1566,648,31.2,24.6,10987
19/11/2004,09.00.00,5.9,1436,-200,22.7,1371,548,458,191,1808,1626,15.2,62.2,10641
06/10/2004,20.00.00,-200,1666,-200,31,1573,-200,427,-200,2195,1968,23.3,54.4,15386
21/04/2004,01.00.00,-200,1005,-200,5.8,802,-200,976,-200,1474,952,12.2,67.7,0.9625
08/09/2004,14.00.00,-200,-200,-200,-200,-200,-200,-200,-200,-200,-200,-200,-200,-200
25/10/2004,17.00.00,7.9,1816,-200,46.3,1897,814,330,158,2641,2164,21.7,61.9,1592
27/02/2005,07.00.00,1.1,940,-200,3.2,665,188,900,112,955,879,1.4,76.3,0.5261
14/11/2004,19.00.00,1.2,836,-200,3,653,207,1798,99,978,537,8.4,55.7,0.6155
28/11/2004,22.00.00,3.3,1250,-200,12.1,1054,491,634,121,1407,1348,10.4,75.4,0.947
22/10/2004,04.00.00,-200,930,-200,4.6,741,125,849,48,1392,843,19.6,71.3,1612
02/12/2004,20.00.00,7.8,1713,-200,36.6,1699,1020,371,161,2196,1943,15.4,73,12648
29/05/2004,20.00.00,1.2,937,-200,7.9,893,123,1106,112,1463,783,20.8,33.2,0.8061
12/02/2005,21.00.00,5.2,1795,-200,23.2,1382,894,410,262,1609,2355,11.1,56.9,0.7506
04/05/2004,22.00.00,0.9,870,-200,4.3,729,43,1096,53,1475,586,18.5,56,1181
23/01/2005,13.00.00,-200,1160,-200,9.2,948,371,712,191,1072,1289,7.9,41.6,0.4459
05/01/2005,23.00.00,1.6,1059,-200,6,810,227,764,126,1200,1002,13.2,62.3,0.9392
14/12/2004,08.00.00,3.1,1274,-200,15.4,1160,606,587,133,1412,1373,6.9,73.7,0.7348
14/04/2004,10.00.00,2.7,1214,312,12.3,1061,183,780,103,1662,1257,19.5,34.4,0.7738
12/05/2004,07.00.00,4.1,1500,-200,23.6,1393,279,560,95,2163,1495,15.5,62.2,10875
28/03/2004,18.00.00,1.4,1012,93,4.7,746,86,1174,86,1301,555,15.6,35,0.617
17/03/2004,23.00.00,2.6,1488,216,15.7,1171,178,731,127,1778,1705,16,50.9,0.9206
28/05/2004,11.00.00,-200,1048,-200,9.8,969,-200,1012,-200,1600,852,26.4,29.3,0.9889
21/03/2004,00.00.00,2.8,1456,-200,10.6,999,175,835,107,1714,1202,15.7,58.6,10396
11/10/2004,16.00.00,3.4,1278,-200,18.3,1248,375,574,99,1814,1243,23.2,52,14642
03/05/2004,21.00.00,2,1214,-200,9.8,970,119,777,100,1771,1076,18.7,64.6,13836
19/03/2004,03.00.00,0.7,961,-200,2.5,622,-200,1382,-200,1301,430,12.5,67.5,0.9768
27/11/2004,13.00.00,4.4,1562,-200,19.4,1280,743,479,156,1711,1709,15.4,73.3,1.27
18/01/2005,15.00.00,4.6,1583,-200,26.1,1457,1065,431,243,1640,1994,5,75.5,0.6667
24/09/2004,06.00.00,1.3,1062,-200,8.4,915,232,792,83,1579,929,20.8,62.2,15119
07/10/2004,13.00.00,-200,1329,-200,15.7,1172,-200,561,-200,1739,1204,25.9,44.2,14576
05/04/2004,02.00.00,-200,983,-200,2.2,600,-200,1233,-200,1375,485,15,61.5,10418
29/09/2004,19.00.00,6.3,1467,-200,34.1,1643,615,467,201,2088,1749,23.2,36.9,10346
17/12/2004,16.00.00,3.2,-200,-200,-200,-200,446,-200,150,-200,-200,-200,-200,-200
16/10/2004,00.00.00,-200,1069,-200,7.2,865,-200,825,-200,1394,816,14.1,83.8,1346
29/01/2005,01.00.00,1,-200,-200,-200,-200,107,-200,85,-200,-200,-200,-200,-200
04/05/2004,18.00.00,3.9,1377,-200,20.6,1313,191,612,109,2120,1220,18.3,62.8,13127
11/11/2004,15.00.00,3.4,1186,-200,14.3,1125,659,617,184,1493,1171,12.5,73.2,10563
23/04/2004,15.00.00,4.4,1460,682,25.3,1438,260,680,196,1953,1489,30,19.4,0.81
25/01/2005,23.00.00,-200,804,-200,1.5,546,81,1194,67,796,400,3.9,50.6,0.4127
19/05/2004,04.00.00,-200,846,-200,2.2,598,33,1211,52,1332,669,16.3,51.4,0.9468
27/05/2004,21.00.00,-200,1110,-200,13.3,1093,-200,961,-200,1661,1091,21.3,33,0.8284
05/11/2004,11.00.00,4.6,1458,-200,24.2,1408,710,471,151,1889,1664,20.7,55.5,13414
16/04/2004,21.00.00,3.4,1304,299,12.5,1067,224,737,117,1811,1167,13.5,79.4,12224
19/10/2004,20.00.00,-200,1518,-200,27.2,1483,-200,454,-200,2098,1666,20.8,65.1,15782
24/02/2005,17.00.00,3,1301,-200,13.2,1092,534,525,262,1388,1484,7.2,72.4,0.7372
07/10/2004,08.00.00,-200,1696,-200,37.1,1711,-200,383,-200,2464,1823,20.9,62.4,15226
29/11/2004,09.00.00,5.9,1609,-200,29.5,1540,948,486,139,1961,1803,11.3,75.3,10048
03/12/2004,21.00.00,6.2,1421,-200,20.9,1320,739,496,134,1804,1556,14.6,75.2,12405
03/05/2004,23.00.00,1.5,1135,-200,6.7,842,84,872,83,1653,973,18.9,62.5,13521
30/11/2004,21.00.00,4.1,1157,-200,12.4,1063,491,905,160,1394,1223,10.7,73.9,0.9502
18/03/2004,10.00.00,4.5,1617,-200,21.3,1333,349,686,150,2010,1819,17.8,40.5,0.821
15/01/2005,13.00.00,3.1,1267,-200,15.6,1166,535,567,179,1382,1505,8.9,60.8,0.6921
26/12/2004,16.00.00,1.4,1163,-200,5.8,801,186,772,99,1288,876,13.6,68.9,10699
07/12/2004,13.00.00,3,1289,-200,18,1239,396,733,118,1635,1469,18.8,49.3,10581
17/09/2004,03.00.00,0.4,777,-200,2,585,-200,1305,-200,1266,510,20,59.1,13694
20/09/2004,17.00.00,5,1386,-200,28.8,1522,505,560,184,1990,1469,34.1,23,12081
14/12/2004,21.00.00,4.1,-200,-200,-200,-200,670,-200,148,-200,-200,-200,-200,-200
13/02/2005,17.00.00,1,1053,-200,4.3,727,137,789,100,1081,610,17.1,35.8,0.6944
30/11/2004,23.00.00,1.9,1006,-200,6.5,836,245,1226,113,1210,902,9.6,79.9,0.9579
09/10/2004,11.00.00,2.3,1331,-200,13,1082,274,588,80,1689,1252,28.5,42.4,16286
04/12/2004,22.00.00,2,1088,-200,6.9,851,349,766,109,1307,959,14,75.9,12064
27/09/2004,14.00.00,1.6,961,-200,9.2,949,230,853,99,1306,812,23.8,27,0.7845
27/02/2005,12.00.00,1.4,955,-200,3.9,706,168,888,120,884,616,12.6,30.6,0.446
07/02/2005,18.00.00,1.9,1067,-200,7.5,879,291,740,194,989,996,8.7,33.9,0.3832
01/05/2004,07.00.00,1.2,1012,-200,6.5,833,75,916,67,1632,862,16.9,66.5,12688
19/12/2004,12.00.00,2.6,1058,-200,9.6,962,397,778,132,1058,1153,6,47.6,0.4488
04/05/2004,04.00.00,-200,881,-200,1.5,546,21,1335,28,1465,458,15.6,81,14216
28/03/2004,05.00.00,0.8,870,54,2.6,626,39,1325,52,1284,755,9.6,58.5,0.7
13/01/2005,21.00.00,3.3,1304,-200,13,1085,467,571,129,1385,1419,9.5,71.3,0.8458
24/12/2004,13.00.00,6.9,1561,-200,24.8,1425,772,465,197,1624,2101,9.8,52.4,0.6349
13/01/2005,05.00.00,0.9,891,-200,3.2,666,161,931,77,1058,798,7,77.3,0.7759
30/03/2004,12.00.00,3.7,1419,586,18.9,1267,219,742,138,1763,1490,20.8,22.5,0.5463
14/05/2004,06.00.00,1.5,1033,-200,8.4,917,118,882,95,1617,905,17.2,52.3,10169
22/03/2004,01.00.00,1.5,1095,-200,5.1,767,74,1050,76,1547,818,15.8,60.5,10805
15/04/2004,20.00.00,6.1,1746,824,24.2,1409,319,553,148,2119,1898,16.8,49.8,0.9446
23/03/2004,15.00.00,1.9,1112,136,10.1,980,131,924,99,1589,900,14.1,49.8,0.7971
26/01/2005,12.00.00,0.1,858,-200,2.7,634,189,1053,130,868,566,4.3,50,0.4199
08/11/2004,12.00.00,1.2,827,-200,5.1,768,233,972,103,1040,671,13,40.1,0.5989
27/04/2004,03.00.00,0.5,842,41,1.5,545,-200,1423,-200,1224,424,15.2,45.8,0.7864
13/09/2004,09.00.00,-200,1313,-200,17.7,1231,-200,626,-200,1889,1455,23,60.2,16652
09/04/2004,17.00.00,2.5,-200,194,-200,-200,141,-200,117,-200,-200,-200,-200,-200
20/10/2004,13.00.00,-200,1640,-200,28,1503,-200,431,-200,2094,1894,24.7,56.9,17472
25/04/2004,17.00.00,1.4,918,138,4.7,748,81,1228,76,1219,505,19.6,24.9,0.5625
29/04/2004,01.00.00,1,1042,84,5.2,772,51,923,61,1495,968,16.8,59.5,11269
02/09/2004,03.00.00,0.6,832,-200,3.1,661,-200,977,-200,1312,766,22.7,51.3,13977
29/05/2004,08.00.00,0.6,843,-200,4,712,77,1303,77,1343,548,18.9,42.1,0.9081
12/12/2004,06.00.00,1.5,975,-200,7,859,177,777,81,1043,1019,4.2,69,0.5737
02/04/2004,21.00.00,3,1374,415,14.1,1121,180,771,146,1685,1399,18.5,43,0.9074
21/04/2004,00.00.00,-200,911,-200,4.5,740,-200,1071,-200,1412,756,14.2,56.7,0.9111
18/01/2005,14.00.00,5.2,1610,-200,28,1502,1023,420,240,1697,2087,5.5,69.3,0.6331
13/12/2004,14.00.00,4.8,1425,-200,23.3,1386,744,691,203,1536,1978,15,41.4,0.7016
03/12/2004,22.00.00,3,1232,-200,12.7,1074,472,606,107,1504,1317,14,75.7,12051
16/03/2004,21.00.00,5.1,1800,349,24.9,1426,317,700,177,2106,2034,19,41.3,0.9007
13/03/2004,00.00.00,2.7,1280,122,9.6,964,193,963,113,1544,1285,9.5,64.1,0.7597
05/05/2004,04.00.00,-200,867,-200,2.1,589,28,1267,41,1439,468,14.7,74.1,12302
18/01/2005,08.00.00,3.1,1284,-200,16.8,1204,552,599,167,1337,1531,3.9,57.3,0.4661
28/09/2004,14.00.00,3.4,1166,-200,18.9,1265,481,640,174,1570,1502,26.1,24.8,0.8283
23/01/2005,20.00.00,-200,1174,-200,8.7,926,245,674,157,1220,1020,5.4,78.2,0.7074
24/12/2004,07.00.00,3.9,1209,-200,9.5,958,379,666,138,1124,1662,5.3,61.1,0.5499
25/10/2004,05.00.00,0.9,940,-200,5.9,806,181,800,48,1392,1013,16.2,76.9,14029
26/05/2004,03.00.00,-200,-200,-200,-200,-200,-200,-200,-200,-200,-200,-200,-200,-200
29/10/2004,07.00.00,2.9,1311,-200,15.9,1178,366,574,111,1769,1208,20.2,66.9,15643
30/10/2004,10.00.00,2.7,1224,-200,14.3,1126,482,596,108,1656,1231,18,76.6,15706
09/12/2004,06.00.00,0.4,814,-200,0.8,482,57,1426,41,1027,457,14.5,62.9,10335
25/01/2005,04.00.00,-200,759,-200,0.2,399,19,1696,19,749,288,4.3,51.6,0.4323
25/03/2004,12.00.00,1.3,1027,95,5.9,809,106,1081,88,1442,733,13.6,53,0.8209
24/02/2005,00.00.00,1.6,1018,-200,4.7,750,248,831,172,1051,916,3.2,83,0.645
07/05/2004,23.00.00,2.1,1025,-200,7.3,869,144,954,101,1531,851,13.3,63.6,0.9677
26/10/2004,14.00.00,4.5,1495,-200,26.4,1465,597,451,158,2043,1786,24.9,48.3,14942
20/04/2004,03.00.00,-200,771,-200,0.8,483,-200,1587,-200,1277,485,9.7,78.9,0.9487
29/04/2004,00.00.00,1.5,1128,117,7.8,891,88,838,89,1574,1125,17.4,55.6,10963
03/01/2005,06.00.00,1.4,-200,-200,-200,-200,264,-200,102,-200,-200,-200,-200,-200
21/04/2004,22.00.00,-200,1105,-200,10.6,1000,-200,847,-200,1573,1208,19.2,42.1,0.9273
23/04/2004,05.00.00,0.6,852,46,2.9,646,59,1186,59,1321,793,14.2,52.2,0.8413
15/10/2004,11.00.00,-200,1146,-200,14.2,1122,-200,639,-200,1659,1131,24.4,43.9,13184
11/10/2004,06.00.00,1.1,1041,-200,7.2,865,164,757,53,1486,902,18.6,74.9,15918
01/02/2005,22.00.00,3,1054,-200,6.1,818,289,777,150,966,1210,7.3,43.8,0.4505
17/04/2004,03.00.00,-200,1057,-200,5.1,768,-200,958,-200,1527,884,12.4,82.4,11848
10/09/2004,02.00.00,0.5,881,-200,3.5,680,69,1175,58,1251,630,23.7,39.1,11289
06/10/2004,02.00.00,-200,950,-200,4.6,743,-200,841,-200,1377,895,19.3,68.4,1513
31/12/2004,05.00.00,-200,753,-200,0.4,426,-200,1568,-200,792,337,6.9,49.3,0.4913
15/10/2004,21.00.00,-200,924,-200,5.1,766,-200,902,-200,1357,752,18.6,60.4,12817
12/02/2005,11.00.00,3.4,1480,-200,16.2,1186,615,498,229,1382,1882,9,54.7,0.6271
25/01/2005,20.00.00,1.1,991,-200,6.1,814,197,790,133,1040,812,4.3,57,0.4771
23/01/2005,06.00.00,-200,859,-200,2,581,89,1112,73,829,753,2.7,53.3,0.4006
02/10/2004,11.00.00,-200,1300,-200,12.1,1053,-200,614,-200,1650,1193,25.2,48.9,15437
19/12/2004,20.00.00,4.7,1353,-200,16.2,1187,601,599,173,1424,1293,5.5,84.1,0.7657
18/03/2004,12.00.00,2.2,1379,-200,12.5,1068,171,899,139,1663,1374,23.8,28.2,0.8219
18/01/2005,07.00.00,1.5,1039,-200,6.9,855,341,783,140,1025,1210,3.4,58.5,0.4608
26/10/2004,00.00.00,2.2,1119,-200,12.2,1056,311,624,68,1562,1099,17,76.1,14582
22/03/2004,19.00.00,4.4,1438,672,21,1325,232,678,143,1993,1401,15.6,47.4,0.8347
13/09/2004,07.00.00,-200,1509,-200,28.2,1508,-200,533,-200,2257,1572,20.4,66.7,1577
27/03/2004,03.00.00,1.1,1026,59,3.8,699,-200,1191,-200,1292,851,7.9,63.5,0.6777
22/05/2004,08.00.00,2.2,1323,-200,14.6,1137,139,696,94,1846,1285,19.3,48.3,10723
20/04/2004,02.00.00,-200,806,-200,1.5,544,-200,1429,-200,1290,449,9.5,79.7,0.9489
16/11/2004,15.00.00,2.2,985,-200,10.9,1011,425,779,148,1138,1010,17.9,22.3,0.4537
07/09/2004,12.00.00,2.1,1008,-200,10.1,980,-200,755,-200,1465,825,32.5,21.2,10173
15/04/2004,13.00.00,3.5,1351,465,17,1210,195,709,120,1783,1374,19.3,35.4,0.7824
18/03/2004,06.00.00,0.7,938,26,3,650,68,1251,71,1333,893,10.9,62.1,0.8113
06/02/2005,09.00.00,0.8,870,-200,2,582,149,1091,115,791,737,0.3,53.7,0.3424
27/01/2005,17.00.00,1.5,906,-200,5.1,769,224,913,142,865,726,6.5,32.4,0.3155
12/03/2004,05.00.00,0.6,847,7,1,501,30,1895,44,1155,394,6.3,65,0.6233
23/12/2004,21.00.00,7.2,1564,-200,26.3,1462,1076,472,228,1574,2181,6.3,57.9,0.5575
12/12/2004,16.00.00,4.3,1432,-200,18.4,1251,596,547,178,1396,1722,17.2,34.2,0.6669
28/02/2005,07.00.00,0.4,817,-200,0.7,462,89,1378,66,732,308,2.5,52.7,0.3908
09/10/2004,04.00.00,0.9,1062,-200,5.1,770,96,780,48,1450,922,21.3,63.9,15951
17/11/2004,08.00.00,3.3,1234,-200,15.4,1161,664,629,200,1386,1318,6.3,61.7,0.5926
22/04/2004,16.00.00,-200,1224,-200,19.1,1270,-200,806,-200,1739,1113,31.3,16.2,0.7262
26/09/2004,02.00.00,1.4,915,-200,7.8,893,205,872,90,1287,953,15.6,51.9,0.9135
31/05/2004,18.00.00,3.5,1243,-200,25,1429,227,687,161,2093,1367,26,34.6,11485
19/12/2004,23.00.00,2.9,1183,-200,9.1,944,382,731,126,1226,1092,6.6,83.3,0.8183
02/09/2004,04.00.00,0.6,834,-200,4,709,87,907,65,1348,835,21.8,54.1,14004
09/02/2005,23.00.00,1.9,-200,-200,-200,-200,156,-200,123,-200,-200,-200,-200,-200
29/11/2004,05.00.00,1.3,987,-200,4.9,759,166,856,67,1162,940,8.8,83.7,0.9529
22/03/2004,20.00.00,4.5,1425,624,21,1325,238,678,146,1965,1356,15.3,47.4,0.8178
29/01/2005,15.00.00,1,866,-200,2.2,602,121,1071,88,809,465,3.7,45.8,0.3697
12/01/2005,16.00.00,3.3,1284,-200,17.2,1216,476,522,166,1545,1415,15.8,48.9,0.8707
13/09/2004,22.00.00,2.1,1204,-200,14.6,1136,346,648,112,1782,1491,25.1,49.4,1548
02/02/2005,10.00.00,5.6,1416,-200,19.6,1285,824,501,230,1390,1809,5.8,53.1,0.4942
21/09/2004,06.00.00,1.4,1013,-200,8.1,905,231,804,79,1499,974,18.3,65.5,13686
25/05/2004,00.00.00,0.5,859,-200,4.3,727,65,1120,84,1187,753,16.7,28.3,0.5316
28/12/2004,18.00.00,-200,1215,-200,12.4,1063,-200,616,-200,1370,1214,12.4,59.3,0.853
24/01/2005,02.00.00,0.1,1127,-200,7.6,884,248,704,136,1173,983,4,80.4,0.663
14/12/2004,01.00.00,2,1137,-200,9.9,975,358,687,103,1234,1223,7.6,74.3,0.7783
18/12/2004,06.00.00,1,988,-200,5.2,774,206,842,89,1189,841,10.4,77.3,0.9709
19/05/2004,05.00.00,0.3,848,-200,2.2,598,32,1219,46,1318,628,17,49.2,0.9459
25/04/2004,01.00.00,1.3,984,70,3.9,707,71,1131,73,1359,494,12.4,64.1,0.9209
26/02/2005,10.00.00,1.5,942,-200,3.7,696,203,920,124,912,682,8.8,45,0.5114
13/01/2005,18.00.00,5.2,1523,-200,26.6,1470,702,414,166,1811,1783,11.4,68,0.9166
20/11/2004,12.00.00,1.6,852,-200,8.5,919,363,967,149,831,855,14.8,14.3,0.2397
28/03/2004,20.00.00,1.8,1093,115,5.5,789,105,1102,103,1329,788,13.4,43.2,0.6623
27/11/2004,03.00.00,2.7,1279,-200,10.2,986,-200,756,-200,1362,1473,11.9,79.7,11075
14/11/2004,01.00.00,0.8,774,-200,1.8,569,100,1222,58,984,434,11.4,54.6,0.7363
20/12/2004,08.00.00,3.2,970,-200,5.3,776,295,873,108,1059,858,8.4,57.7,0.6376
26/01/2005,08.00.00,0.3,896,-200,3.3,668,227,1043,136,887,519,3.3,50.2,0.3934
02/12/2004,13.00.00,3.4,1295,-200,16.8,1205,668,538,128,1579,1476,16.4,61.9,11465
28/09/2004,05.00.00,0.7,791,-200,3.9,704,166,1057,69,1154,748,11.9,62.7,0.8726
08/04/2004,01.00.00,1.5,1051,95,5.7,798,84,1016,89,1455,876,9,76.7,0.8825
31/05/2004,03.00.00,-200,738,-200,1.4,539,-200,1421,-200,1257,477,18.9,45,0.9703
03/01/2005,14.00.00,1.6,-200,-200,-200,-200,237,-200,102,-200,-200,-200,-200,-200
05/09/2004,20.00.00,1.5,942,-200,5.5,786,-200,930,-200,1245,705,27.8,24.4,0.9002
28/11/2004,04.00.00,1,913,-200,3.1,659,86,1010,55,1121,748,10.3,74.9,0.9362
16/02/2005,05.00.00,0.8,1033,-200,3.8,701,224,782,137,883,1206,3.2,52.4,0.4071
24/11/2004,04.00.00,1.4,1023,-200,5.4,781,295,809,81,1195,1019,10.6,78.8,1008
12/11/2004,05.00.00,0.6,811,-200,1.7,559,71,1170,50,1085,558,13.7,64.4,10036
21/03/2004,16.00.00,1.9,1208,-200,6.9,853,98,1060,89,1506,647,20.3,38,0.8942
04/04/2004,02.00.00,-200,1115,-200,5.4,782,-200,980,-200,1500,752,15.2,62.4,10726
29/11/2004,14.00.00,2.6,1186,-200,12.8,1077,346,797,121,1404,1328,18.6,49.3,10451
18/05/2004,11.00.00,1.9,1138,-200,11,1015,140,854,103,1604,1115,27.4,22.8,0.8219
06/12/2004,08.00.00,3.1,1314,-200,15.8,1173,587,589,112,1627,1238,12.7,77.2,11298
13/04/2004,01.00.00,0.5,844,27,1.3,532,25,1499,36,1176,376,10.5,59.9,0.7624
23/11/2004,14.00.00,7.3,1769,-200,33.2,1624,1189,396,233,2041,2202,13.9,67.6,10666
11/12/2004,16.00.00,1.8,974,-200,7.8,891,281,857,112,1005,912,17.8,21,0.4234
31/10/2004,16.00.00,2.2,1169,-200,10.1,983,289,672,79,1633,1033,23,62.3,17248
15/01/2005,06.00.00,1,957,-200,2.8,641,95,1013,70,940,784,4.2,77,0.6439
22/04/2004,13.00.00,-200,1121,-200,11.1,1020,-200,893,-200,1585,916,28.3,23.9,0.906
20/03/2004,12.00.00,2.6,1490,-200,11.7,1039,182,782,108,1757,1422,16.3,50,0.9158
30/12/2004,15.00.00,-200,844,-200,3.6,689,-200,1040,-200,867,545,12.1,31.1,0.4383
25/02/2005,05.00.00,0.8,932,-200,2.1,595,120,991,100,1025,771,5,82.8,0.7273
04/10/2004,17.00.00,-200,1531,-200,30.3,1558,-200,451,-200,2181,1620,28.4,37.5,14251
23/10/2004,20.00.00,4.1,1413,-200,17.7,1231,460,520,117,1853,1415,21.6,67.7,17228
11/12/2004,10.00.00,2.8,1101,-200,13,1083,518,692,147,1130,1243,14.4,28.2,0.4593
23/09/2004,12.00.00,2.8,1233,-200,16.1,1184,294,610,127,1775,1147,29.3,39.5,15855
01/12/2004,09.00.00,5,1396,-200,24.6,1419,849,1104,145,1799,1547,9.5,78.3,0.9338
27/01/2005,03.00.00,-200,791,-200,0.8,480,-200,1259,-200,738,422,4.5,39.7,0.3379
23/03/2004,19.00.00,2.7,1236,236,13,1084,131,854,112,1688,1059,11.7,57.1,0.7822
14/12/2004,12.00.00,4.4,1377,-200,21.7,1342,786,499,206,1546,2006,12.9,54.1,0.8003
20/11/2004,05.00.00,0.6,692,-200,1.5,546,92,1347,70,697,500,9,23.1,0.2648
30/05/2004,07.00.00,0.2,828,-200,3.6,690,48,1263,61,1353,658,18.6,44.2,0.9385
08/02/2005,02.00.00,0.5,852,-200,0.8,479,51,1275,49,761,375,7.1,40.5,0.409
16/12/2004,15.00.00,4.8,-200,-200,-200,-200,1058,-200,217,-200,-200,-200,-200,-200
27/10/2004,03.00.00,0.6,926,-200,3.9,708,-200,874,-200,1381,803,17.2,81.8,15856
13/10/2004,01.00.00,-200,747,-200,1.5,543,-200,1276,-200,1100,469,14.6,57.6,0.9517
12/03/2004,02.00.00,1.4,988,40,4.1,718,82,1396,91,1304,692,7.1,61.8,0.6276
17/12/2004,00.00.00,4.2,-200,-200,-200,-200,807,-200,162,-200,-200,-200,-200,-200
28/03/2004,10.00.00,2.3,1218,193,9,938,128,918,94,1501,1088,16.8,36.9,0.7018
18/09/2004,02.00.00,0.7,812,-200,3.2,664,79,1212,57,1215,518,21.1,44.5,1098
12/05/2004,15.00.00,2.5,1248,-200,12.6,1072,183,713,114,1797,1188,17.1,64,12413
15/10/2004,16.00.00,-200,1312,-200,23.1,1381,-200,540,-200,1881,1402,21.5,44.5,1129
11/09/2004,23.00.00,-200,1285,-200,12.4,1062,-200,715,-200,1583,1449,24.6,47.2,14424
30/03/2004,20.00.00,2.4,1264,237,8.7,928,132,884,102,1534,1035,15.9,43.5,0.779
04/11/2004,00.00.00,1.8,1043,-200,9.9,975,216,675,66,1489,1041,18.7,69,14727
05/05/2004,11.00.00,2.6,1143,-200,13,1083,190,735,120,1887,1083,17.2,62.9,12228
12/12/2004,11.00.00,2.4,1101,-200,8.9,934,333,751,116,1085,1208,12.6,39.9,0.5804
13/02/2005,22.00.00,1.3,1111,-200,5.3,777,228,760,143,1137,1024,12.5,47.8,0.6877
04/10/2004,21.00.00,-200,1084,-200,10,979,-200,699,-200,1539,1239,22.6,55.1,14899
19/03/2004,15.00.00,3.5,1410,-200,19,1268,212,724,139,1957,1344,16.4,47.5,0.8791
19/01/2005,09.00.00,1.2,1036,-200,7.3,868,314,732,152,1158,958,7.1,65.4,0.6644
04/02/2005,23.00.00,1.3,1017,-200,5.3,776,239,843,157,946,971,6,46.1,0.4351
08/12/2004,22.00.00,2.2,1161,-200,8.2,909,355,721,109,1370,962,13.7,79.3,12326
21/10/2004,00.00.00,4.4,1481,-200,22.3,1359,486,467,105,1957,1518,21.7,69.7,17872
13/10/2004,13.00.00,-200,942,-200,7.3,871,-200,832,-200,1314,765,17.9,46.5,0.9474
28/09/2004,09.00.00,4.1,1236,-200,21.3,1332,641,601,152,1683,1550,17.8,45.7,0.9224
21/04/2004,08.00.00,-200,1726,-200,40.3,1776,-200,478,-200,2684,1940,14,58.2,0.9271
20/12/2004,19.00.00,4.1,980,-200,10.8,1008,341,758,151,1103,993,8,41,0.4416
30/01/2005,12.00.00,1,890,-200,2,585,129,1097,92,776,454,7.2,34.2,0.3488
26/11/2004,01.00.00,2.3,1141,-200,9.7,967,417,698,117,1245,1214,9.1,65.7,0.7607
31/12/2004,06.00.00,-200,787,-200,0.6,452,-200,1400,-200,823,370,7.8,48.1,0.5095
23/04/2004,12.00.00,3.3,1349,541,20.1,1299,179,728,142,1838,1402,29.7,20.6,0.8478
25/11/2004,18.00.00,4.5,1368,-200,21.4,1334,660,529,173,1547,1653,13.8,48.9,0.7699
25/09/2004,03.00.00,0.3,718,-200,1,499,-200,1495,-200,1059,382,15.3,52.4,0.9017
26/10/2004,23.00.00,1.6,1075,-200,7.5,878,169,734,78,1495,948,17.7,78.8,15855
03/01/2005,08.00.00,3.6,-200,-200,-200,-200,622,-200,164,-200,-200,-200,-200,-200
10/12/2004,10.00.00,1.8,925,-200,7.2,866,328,2542,122,1013,916,14.4,30.2,0.4911
21/05/2004,19.00.00,3.8,1325,-200,19.1,1273,211,716,145,1815,1184,25.9,24.9,0.8195
23/11/2004,18.00.00,10.2,1982,-200,49.5,1959,1369,322,227,2536,2386,13.2,72.6,10936
25/10/2004,04.00.00,-200,882,-200,4.3,729,108,875,37,1319,870,15.5,78.6,1.37
14/09/2004,13.00.00,-200,1140,-200,14,1117,-200,711,-200,1690,1046,33.2,33.8,1.69
10/10/2004,13.00.00,1.6,1107,-200,5.9,807,214,768,73,1546,836,21,76.8,18881
20/01/2005,02.00.00,0.9,831,-200,1.3,530,75,1169,62,893,472,8.5,51.9,0.5766
12/05/2004,00.00.00,1.7,1122,-200,8.7,926,105,805,88,1619,1174,16.9,58.8,1125
12/09/2004,23.00.00,-200,1227,-200,12.2,1055,-200,705,-200,1772,1360,23,64.8,1802
21/12/2004,04.00.00,0.2,697,-200,0.5,437,44,1705,39,702,325,5.3,38.8,0.3473
26/12/2004,04.00.00,0.5,900,-200,1.2,522,61,1242,55,1070,471,10.8,78.7,10202
08/10/2004,17.00.00,2.9,1354,-200,19.2,1275,294,543,90,1799,1338,28.4,39.8,15191
20/02/2005,02.00.00,2.2,1228,-200,8.3,913,293,643,174,1124,1396,7.8,50,0.53
09/11/2004,18.00.00,3.5,1236,-200,16.9,1206,-200,615,-200,1523,1166,8.3,76.5,0.8426
15/12/2004,11.00.00,3.5,-200,-200,-200,-200,809,-200,176,-200,-200,-200,-200,-200
12/11/2004,18.00.00,4,1234,-200,16.6,1197,547,575,163,1597,1239,16.2,60.2,11003
11/03/2004,01.00.00,1,1136,31,3.3,672,62,1453,76,1333,730,10.7,60,0.7702
08/02/2005,04.00.00,0.5,878,-200,1,496,54,1182,54,782,451,6,42.9,0.404
22/10/2004,20.00.00,4.5,1494,-200,25.5,1443,467,454,119,2020,1795,22.3,62.5,16616
25/11/2004,22.00.00,2,1128,-200,7.8,889,296,743,110,1160,1212,10,61.8,0.7576
16/04/2004,22.00.00,2.7,1235,159,9.6,963,166,803,103,1680,1095,13.1,80.1,12016
07/01/2005,11.00.00,2.2,1183,-200,11,1013,310,632,128,1306,1186,10.2,61.5,0.7638
15/01/2005,07.00.00,1.3,973,-200,4.3,728,148,902,83,1004,854,3.5,80.8,0.6406
20/12/2004,18.00.00,4.1,1037,-200,11.9,1047,355,869,151,1159,1042,8.4,45.4,0.5035
05/04/2004,01.00.00,-200,969,-200,2.4,611,-200,1239,-200,1330,430,14.8,63.3,10584
04/11/2004,20.00.00,4.3,1463,-200,27.2,1484,485,443,97,2011,1590,21.1,66.1,16313
07/10/2004,05.00.00,-200,994,-200,4.4,732,-200,852,-200,1400,882,19.8,67.1,15305
06/12/2004,06.00.00,0.9,913,-200,3.8,701,181,926,72,1219,750,12,80.1,11231
25/09/2004,19.00.00,2.4,987,-200,9.8,971,218,876,68,1312,891,19.5,33,0.7384
06/01/2005,07.00.00,0.7,961,-200,2.6,629,104,1011,69,1114,682,12.3,62.7,0.8947
03/11/2004,18.00.00,3.7,1333,-200,20.5,1312,383,520,107,1853,1364,23.8,51.4,14956
25/04/2004,07.00.00,0.6,830,41,1.4,535,42,1496,50,1184,375,13.5,48.6,0.7487
01/01/2005,22.00.00,2.1,1118,-200,6.4,830,295,765,130,1058,1313,5.7,59.9,0.5523
19/12/2004,14.00.00,3,1228,-200,12.5,1068,405,658,134,1264,1238,5.2,73.1,0.6535
06/01/2005,16.00.00,2,1185,-200,7.9,893,237,666,122,1312,1011,16.2,53,0.9687
05/01/2005,14.00.00,3.1,1295,-200,13.2,1090,459,553,155,1479,1441,14.3,61.2,0.9941
01/01/2005,15.00.00,2.2,1085,-200,7.9,896,299,760,147,1049,1138,12.5,32.3,0.467
06/10/2004,08.00.00,-200,1516,-200,32,1596,-200,429,-200,2183,1706,18.3,67.8,14091
29/03/2004,18.00.00,2.5,1173,299,10.2,985,126,905,114,1477,802,16.1,31.3,0.568
10/01/2005,19.00.00,3.1,1365,-200,16.4,1192,340,492,128,1593,1486,13.8,66.4,10451
14/05/2004,01.00.00,2.1,1141,-200,11.1,1017,112,740,104,1690,1188,16.8,57.5,10912
05/01/2005,08.00.00,3.7,1489,-200,16.4,1193,670,497,148,1475,1776,8.6,69,0.7732
02/04/2004,22.00.00,1.9,1287,245,10.1,982,115,841,124,1582,1291,17.8,47,0.9467
21/05/2004,09.00.00,3.4,1417,-200,20.2,1303,244,635,139,1964,1752,20.7,40,0.9639
20/03/2004,16.00.00,1.6,1283,-200,6.7,844,79,1036,76,1539,766,19.5,42.3,0.9493
24/09/2004,05.00.00,0.5,868,-200,2.8,639,109,1093,55,1367,610,20.4,63,14946
23/10/2004,19.00.00,4.6,1537,-200,23.1,1381,526,469,118,2016,1615,22.2,63.6,16763
22/10/2004,00.00.00,2.2,1203,-200,13.2,1090,223,593,74,1655,1205,21.3,68.5,17164
11/02/2005,00.00.00,2.3,-200,-200,-200,-200,211,-200,148,-200,-200,-200,-200,-200
26/02/2005,22.00.00,3.8,1129,-200,8.5,920,331,689,169,1139,1182,6.7,59.1,0.5848
04/01/2005,21.00.00,3.7,-200,-200,-200,-200,502,-200,166,-200,-200,-200,-200,-200
09/11/2004,15.00.00,2.1,1045,-200,13.1,1087,-200,712,-200,1270,1144,12.6,42.4,0.6159
03/11/2004,19.00.00,4.6,1390,-200,24.4,1414,455,487,117,1959,1428,23.3,53.1,1496
02/02/2005,18.00.00,4.8,1253,-200,19.5,1284,612,536,171,1285,1618,10.5,25.1,0.3194
16/11/2004,12.00.00,2.6,982,-200,10.7,1003,498,1037,189,1117,1072,17.2,22.4,0.4354
06/05/2004,19.00.00,2.1,1075,-200,11,1015,107,824,97,1722,949,15,61.4,10385
16/03/2004,17.00.00,2.9,1389,199,15.8,1173,190,898,133,1739,1363,28,19.1,0.7098
10/10/2004,01.00.00,2,1203,-200,11.9,1046,223,621,74,1664,1103,23.9,59.2,17327
15/05/2004,15.00.00,1.4,965,-200,8.3,910,79,1056,81,1389,643,28.2,19.4,0.7303
27/01/2005,10.00.00,2,980,-200,5.5,790,318,839,185,934,897,5.9,40.2,0.376
24/03/2004,01.00.00,1.1,997,74,4.6,744,76,1151,79,1405,832,10.8,62.5,0.8082
25/12/2004,03.00.00,5.2,1366,-200,11.4,1027,-200,583,-200,1328,1901,9.2,67.3,0.7851
11/02/2005,03.00.00,1.6,-200,-200,-200,-200,-200,-200,-200,-200,-200,-200,-200,-200
25/09/2004,13.00.00,1.4,837,-200,6,812,31,1065,9,1171,624,19.8,31.2,0.7127
02/12/2004,14.00.00,2.9,1338,-200,16.9,1208,469,539,123,1600,1481,18,58,11901
18/10/2004,19.00.00,-200,1520,-200,32.3,1604,-200,436,-200,2161,1672,18.5,60.3,12706
28/02/2005,17.00.00,0.9,812,-200,2.8,640,166,1093,114,716,408,2.6,35.1,0.2618
10/04/2004,12.00.00,1.8,1032,166,7.8,892,101,973,87,1457,756,20.6,30,0.7213
14/02/2005,09.00.00,2.5,1140,-200,9.5,958,366,627,193,1175,1200,10.3,45.4,0.5666
06/04/2004,16.00.00,1.9,1143,226,10.3,988,109,849,98,1590,710,18.8,36.8,0.7883
15/11/2004,03.00.00,0.2,676,-200,0.4,429,-200,1750,-200,803,296,11,37.3,0.488
21/05/2004,22.00.00,2.5,1274,-200,13.3,1094,160,771,126,1682,1231,20.5,35.9,0.8565
26/01/2005,14.00.00,0.5,900,-200,4.8,751,197,891,129,913,637,4.9,45.3,0.3955
24/09/2004,02.00.00,0.7,923,-200,4.6,744,80,908,64,1394,815,22.3,55.8,14828
04/12/2004,12.00.00,2.6,1175,-200,10.6,1002,492,668,122,1422,1059,13,77.8,11641
07/09/2004,22.00.00,-200,1055,-200,10,979,-200,694,-200,1517,1086,25.4,35.2,11288
04/02/2005,16.00.00,1.4,987,-200,6.1,816,236,816,156,959,821,11.3,33.5,0.4476
22/09/2004,14.00.00,2.2,1132,-200,12.1,1052,233,680,117,1609,944,28.5,37.3,14291
23/01/2005,05.00.00,-200,862,-200,2.3,609,82,1101,74,810,757,4.6,45.1,0.3861
05/01/2005,03.00.00,2,1242,-200,8.5,921,-200,626,-200,1219,1374,8.1,72.1,0.7798
11/03/2004,23.00.00,1,913,26,2.6,629,47,1565,53,1252,552,8.2,60.8,0.6657
16/12/2004,10.00.00,4.6,-200,-200,-200,-200,849,-200,161,-200,-200,-200,-200,-200
17/05/2004,19.00.00,3.4,1215,-200,17.8,1234,180,796,125,1735,1167,23.5,20.8,0.5937
05/10/2004,06.00.00,-200,990,-200,7.8,889,-200,763,-200,1450,952,17.4,69.7,13714
23/04/2004,17.00.00,5.2,1645,832,30.6,1566,284,599,177,2228,1909,27,26.8,0.9403
31/10/2004,06.00.00,0.4,791,-200,1.2,519,43,1291,31,1295,540,18.1,79,16224
19/01/2005,10.00.00,0.2,912,-200,3.7,692,194,923,128,1020,713,6.4,67.4,0.6537
25/01/2005,07.00.00,-200,762,-200,0.4,434,77,1556,60,763,318,3.9,47.3,0.3862
21/03/2004,03.00.00,1.6,1195,-200,6.5,836,-200,987,-200,1554,885,15.2,57.9,0.9941
27/02/2005,10.00.00,1.7,1064,-200,6.4,830,270,739,144,1053,1059,7.8,49.9,0.5307
11/04/2004,23.00.00,1.1,914,63,3.1,661,66,1256,81,1187,478,14.2,38.2,0.6163
31/01/2005,04.00.00,0.4,791,-200,0.4,435,39,1486,37,668,292,3.7,37.7,0.3024
21/11/2004,10.00.00,0.4,941,-200,6.4,832,234,914,125,970,964,7.2,42.8,0.4356
09/05/2004,23.00.00,-200,1101,-200,8.8,933,-200,845,-200,1600,1022,13.8,62.1,0.9721
20/04/2004,17.00.00,-200,1327,-200,19.7,1289,-200,712,-200,1938,1272,25.8,29.9,0.9808
18/05/2004,04.00.00,-200,832,-200,1.5,547,15,1320,23,1254,469,18.3,40,0.8345
11/05/2004,16.00.00,1.9,1162,-200,12.4,1064,124,832,97,1675,913,25.7,28.4,0.9248
18/02/2005,00.00.00,1.2,975,-200,3.3,670,129,943,105,910,616,6.9,48.7,0.4874
08/04/2004,09.00.00,4.2,1435,585,19.1,1271,300,676,130,1885,1569,13,54.2,0.809
24/03/2004,11.00.00,1.7,1138,118,8,898,136,950,88,1505,966,15.1,44.3,0.7535
31/01/2005,05.00.00,0.4,787,-200,0.3,415,39,1474,37,667,293,3.4,38.9,0.3075
18/01/2005,03.00.00,0.7,880,-200,2.4,613,-200,1016,-200,878,968,3.3,57.7,0.4516
08/11/2004,00.00.00,0.9,847,-200,2.7,630,106,1057,59,1091,537,10.2,71.6,0.8893
05/10/2004,10.00.00,-200,1435,-200,22.8,1373,-200,513,-200,1910,1759,23.9,48.7,14269
19/02/2005,12.00.00,2.3,1122,-200,6.4,831,393,722,210,982,1317,7.4,43.8,0.4538
05/12/2004,16.00.00,1.5,940,-200,3.7,692,208,934,83,1177,749,11.5,81,1101
04/05/2004,08.00.00,4.3,1505,-200,22.3,1358,258,556,113,2248,1406,16.1,79.2,14398
29/04/2004,17.00.00,4.9,1560,651,24.8,1424,247,579,143,2176,1688,20.8,45.3,11016
03/11/2004,05.00.00,0.5,823,-200,2.7,630,69,1033,35,1253,748,16.8,71.9,13628
20/05/2004,09.00.00,4,1462,-200,18.1,1242,149,637,83,1961,1552,20.7,46.4,11227
07/02/2005,14.00.00,1.4,960,-200,5.4,784,219,842,149,868,643,12,21.9,0.3069
02/12/2004,01.00.00,1.9,975,-200,5.5,787,223,1812,96,1238,844,11.7,77.8,10689
05/04/2004,14.00.00,2.5,1402,278,12.6,1069,158,733,106,1793,1325,19.5,47.5,10653
16/04/2004,11.00.00,2.6,1223,212,11,1014,172,781,108,1666,1219,17.6,46.7,0.9324
25/04/2004,12.00.00,1,863,66,2.7,636,57,1290,52,1185,388,17.4,33.9,0.6683
15/12/2004,09.00.00,4.5,-200,-200,-200,-200,821,-200,147,-200,-200,-200,-200,-200
06/11/2004,13.00.00,3.5,1463,-200,19.4,1280,496,482,121,1794,1544,20.7,59.3,14283
07/01/2005,04.00.00,1,944,-200,2.5,617,127,944,77,1039,766,7,77.3,0.7782
13/11/2004,04.00.00,1.3,1006,-200,5,765,174,848,88,1239,807,15.6,61.7,10847
31/12/2004,13.00.00,-200,924,-200,6.2,821,-200,899,-200,955,704,12.2,29.7,0.4205
30/10/2004,00.00.00,2.4,1123,-200,9.9,973,351,690,108,1520,999,17.3,79.9,15643
10/12/2004,09.00.00,2.4,996,-200,10.6,998,417,2318,128,1136,1060,12.9,34.5,0.5102
28/11/2004,12.00.00,2.2,1089,-200,6.5,835,307,778,110,1216,1004,11.8,65,0.8966
16/03/2004,19.00.00,3.9,1551,261,19.1,1271,181,800,137,1875,1432,21.3,34.8,0.873
12/11/2004,17.00.00,2.6,1153,-200,12.9,1079,358,635,140,1496,1103,17,57.5,11071
22/02/2005,14.00.00,3,1209,-200,12.9,1082,407,573,238,1355,1105,6.5,71,0.6903
02/12/2004,07.00.00,1.4,1073,-200,7.2,867,336,768,89,1329,981,12.5,76.4,11021
21/09/2004,02.00.00,0.6,843,-200,3.1,656,55,1042,50,1271,665,22.1,49.8,13094
22/01/2005,14.00.00,1.3,1380,-200,16.9,1206,455,515,186,1500,1677,14.9,49.9,0.8394
16/04/2004,23.00.00,3.1,1281,171,10,977,171,794,99,1695,1105,12.8,81,11915
08/09/2004,23.00.00,2,1100,-200,10.6,999,251,984,131,1361,1145,25.4,30.5,0.9722
03/11/2004,04.00.00,-200,836,-200,2.9,647,65,985,37,1271,777,16.4,74.4,13779
08/09/2004,15.00.00,-200,-200,-200,-200,-200,-200,-200,-200,-200,-200,-200,-200,-200
08/04/2004,15.00.00,2.5,1136,353,13.2,1089,127,856,101,1552,928,20.6,24.8,0.5931
01/12/2004,23.00.00,2,1060,-200,7.5,877,327,1648,107,1313,929,11.3,83.1,11089
02/01/2005,13.00.00,2.8,1237,-200,9.6,962,478,685,171,1138,1385,10.3,44.9,0.5612
25/04/2004,11.00.00,0.9,862,71,2.7,635,58,1320,58,1193,393,17.2,35,0.6789
16/10/2004,17.00.00,-200,1038,-200,8.7,929,-200,816,-200,1332,798,19.9,42,0.9665
02/10/2004,20.00.00,-200,1432,-200,17.8,1234,-200,553,-200,1849,1342,22.9,57.9,15958
23/05/2004,10.00.00,0.8,978,-200,4.1,718,67,1137,66,1392,565,23.6,34,0.9749
25/12/2004,08.00.00,2,1268,-200,8.6,926,281,645,122,1247,1628,9.1,69.6,0.8045
22/09/2004,13.00.00,2.6,1138,-200,14,1117,267,657,120,1646,1019,27.9,37,1372
11/09/2004,08.00.00,-200,1222,-200,13,1083,-200,729,-200,1624,1273,21.3,47.2,11825
16/12/2004,12.00.00,4.2,-200,-200,-200,-200,845,-200,190,-200,-200,-200,-200,-200
26/11/2004,16.00.00,6.2,1704,-200,29.1,1531,1071,507,213,1904,2098,15.7,58.9,10432
07/12/2004,05.00.00,0.6,857,-200,2.3,604,126,1126,63,1091,740,12.4,68.3,0.9801
18/04/2004,04.00.00,-200,929,-200,3.2,664,-200,1144,-200,1449,536,14.3,69.6,11257
09/04/2004,12.00.00,4.1,-200,505,-200,-200,294,-200,127,-200,-200,-200,-200,-200
16/02/2005,12.00.00,1.1,955,-200,4.3,725,205,890,138,880,770,9.1,34.5,0.3994
22/12/2004,04.00.00,-200,776,-200,1.3,525,87,1391,72,770,585,5.1,44.8,0.3967
16/05/2004,17.00.00,1.9,1248,-200,10.1,982,95,880,107,1617,746,30.4,26.5,11347
13/11/2004,08.00.00,2.1,1157,-200,9.7,967,421,678,124,1365,1087,14.9,64.1,10773
16/09/2004,02.00.00,0.5,853,-200,2.6,623,74,1107,49,1421,768,21.7,67.4,17262
21/10/2004,09.00.00,3.6,1392,-200,20.6,1313,524,517,119,1866,1478,22.6,61.5,16636
15/05/2004,23.00.00,2.6,1183,-200,12,1049,146,762,112,1594,1290,19.6,37,0.8325
19/11/2004,14.00.00,4.8,1352,-200,17.9,1236,479,522,184,1659,1368,17.8,53.5,10833
24/02/2005,23.00.00,2.1,1169,-200,7.9,895,318,681,192,1201,1106,5.5,81.5,0.7393
26/02/2005,20.00.00,3.7,1138,-200,10.2,986,275,663,157,1188,1030,7.3,56.7,0.5806
07/10/2004,11.00.00,-200,1279,-200,14,1116,-200,587,-200,1668,1268,24.7,48.2,14802
05/01/2005,12.00.00,5.9,1741,-200,25.3,1438,1130,416,219,1741,2159,12.8,60.1,0.882
24/04/2004,06.00.00,0.9,1021,119,5.7,800,75,931,64,1483,1019,14,59.7,0.9499
18/05/2004,00.00.00,1,914,-200,5.2,774,53,1091,65,1323,706,20,31.5,0.7262
24/01/2005,05.00.00,0.3,791,-200,0.6,459,43,1421,40,809,390,6.6,51.3,0.5026
26/10/2004,13.00.00,4,1409,-200,23.6,1393,546,484,157,1874,1709,24.6,47.1,14378
23/01/2005,03.00.00,-200,992,-200,5.9,808,-200,849,-200,926,1052,4.7,46.6,0.4025
12/01/2005,14.00.00,3.1,1243,-200,15.2,1155,431,546,156,1473,1398,15.1,49.6,0.8428
29/01/2005,10.00.00,1.1,879,-200,2.8,642,140,1027,101,836,545,2.5,51,0.3778
12/04/2004,00.00.00,0.7,840,31,1.6,556,41,1474,58,1094,366,13.7,38.3,0.5957
19/05/2004,12.00.00,2,1192,-200,13.4,1097,118,796,113,1688,971,30.1,22.1,0.9281
31/12/2004,08.00.00,-200,840,-200,1.6,552,-200,1152,-200,893,510,8.5,46.7,0.5191
14/05/2004,20.00.00,3.5,1181,-200,16.1,1183,191,792,148,1711,1432,23.1,27.2,0.7575
12/05/2004,11.00.00,3.4,1349,-200,17.9,1236,275,627,125,1964,1530,20.9,44.6,10872
23/05/2004,22.00.00,1.1,1110,-200,6,814,75,948,73,1571,854,20.5,49.3,1173
29/01/2005,16.00.00,1.2,873,-200,2.6,629,122,1049,87,817,467,4.4,43.7,0.3688
14/12/2004,19.00.00,7.4,-200,-200,-200,-200,1037,-200,208,-200,-200,-200,-200,-200
03/09/2004,05.00.00,-200,873,-200,3.3,668,-200,911,-200,1354,744,23.1,55,15357
25/10/2004,10.00.00,3.2,1317,-200,19.5,1283,487,518,114,1812,1601,20.5,60.2,14346
30/03/2004,21.00.00,1.3,1073,95,4.7,746,73,1072,84,1360,789,15,46.1,0.7833
24/09/2004,12.00.00,3.7,1376,-200,22.3,1359,422,530,143,1998,1435,26.2,46,15422
12/10/2004,02.00.00,0.5,809,-200,2.1,593,58,1134,44,1277,647,18.3,65.1,13529
06/05/2004,20.00.00,2.2,1034,-200,8.9,935,122,870,98,1605,941,13.7,65.8,10254
29/04/2004,07.00.00,4.9,1674,635,29.8,1547,293,539,95,2405,1665,14.8,61.3,10237
19/05/2004,03.00.00,0.3,848,-200,1.8,571,-200,1224,-200,1297,624,18.7,44.3,0.9453
28/12/2004,13.00.00,-200,1177,-200,14.8,1143,-200,574,-200,1443,1205,13.9,49,0.7727
10/04/2004,20.00.00,2.4,1123,277,10.5,996,172,861,133,1551,1033,14.8,41.5,0.6929
23/11/2004,07.00.00,2.1,1210,-200,10,978,508,666,111,1332,1237,8.9,79.3,0.9088
15/11/2004,22.00.00,1.4,844,-200,5.4,782,217,969,112,1003,796,11.6,37.3,0.5095
11/03/2004,22.00.00,1.5,965,61,4.7,749,94,1325,85,1333,821,8.2,63.4,0.6905
08/11/2004,09.00.00,1.8,887,-200,5.9,809,322,899,133,1111,769,10.9,50,0.6531
06/09/2004,13.00.00,1.4,964,-200,6,814,-200,850,-200,1369,689,29.4,28.3,11434
12/03/2004,09.00.00,-200,1545,-200,22.1,1353,-200,767,-200,2058,1588,9.2,56.2,0.6561
04/11/2004,23.00.00,2.4,1181,-200,13.3,1094,345,600,74,1599,1180,18.8,70.6,15209
27/03/2004,01.00.00,1,940,57,3.2,664,70,1290,79,1232,646,8.6,57.8,0.6488
08/01/2005,00.00.00,3.4,1277,-200,13,1085,567,589,137,1329,1344,5.4,82.6,0.7495
14/03/2004,11.00.00,2.8,1445,148,10.9,1009,176,878,114,1696,1355,16.9,46.1,0.8789
09/12/2004,04.00.00,0.4,803,-200,0.7,466,33,1451,30,1034,449,14.8,65.5,10965
15/09/2004,20.00.00,4.4,1312,-200,20.1,1299,443,580,135,2016,1380,23.9,58.9,17276
26/09/2004,01.00.00,2.5,1063,-200,11.7,1040,341,739,101,1413,1166,15.5,52.2,0.9136
15/10/2004,12.00.00,-200,1150,-200,15,1149,-200,620,-200,1676,1113,22.7,47.6,12989
15/02/2005,03.00.00,0.4,821,-200,1.1,509,-200,1235,-200,762,348,7.1,37.4,0.3799
14/11/2004,04.00.00,0.3,689,-200,0.7,470,36,1643,26,863,305,9.8,51.3,0.6225
10/04/2004,04.00.00,0.8,898,69,3.3,669,46,1163,52,1386,807,10.8,70.3,0.9092
06/10/2004,19.00.00,-200,1840,-200,44,1852,-200,360,-200,2553,2143,24.5,49.5,15022
17/02/2005,16.00.00,1.4,1014,-200,5,761,198,806,136,972,722,9,44.9,0.5173
12/12/2004,00.00.00,3,1216,-200,11.7,1039,443,685,132,1183,1378,8.6,54.3,0.606
28/01/2005,06.00.00,0.6,864,-200,1.6,554,105,1159,79,819,545,4.1,48.1,0.3975
03/02/2005,23.00.00,2.1,1195,-200,9.1,943,378,645,203,1149,1462,6.5,63.1,0.6132
20/05/2004,17.00.00,3.5,1401,-200,21.7,1342,192,663,148,1959,1267,31.2,20.3,0.9064
08/12/2004,09.00.00,1.1,973,-200,4,712,184,923,69,1157,831,13.2,65.2,0.9841
09/10/2004,15.00.00,2.6,1378,-200,15.9,1177,238,548,92,1775,1266,29.6,42.3,17248
20/02/2005,20.00.00,1.5,1076,-200,4.6,745,221,801,149,1040,841,7.4,59.3,0.6123
14/05/2004,23.00.00,1.9,1121,-200,10.4,992,126,844,115,1505,1255,20.4,35.3,0.8352
01/05/2004,20.00.00,2.8,1171,-200,10.8,1006,156,835,112,1674,988,19,51.7,11222
24/03/2004,03.00.00,0.6,878,29,1.6,551,-200,1493,-200,1272,683,10.6,61.6,0.7856
20/09/2004,23.00.00,1.4,986,-200,7.7,885,146,835,94,1407,931,23,43,11897
04/12/2004,10.00.00,2.7,1182,-200,10.4,994,584,654,102,1431,1039,12.2,85.1,12079
28/03/2004,11.00.00,2.3,1210,188,9.5,958,126,933,96,1514,1036,19.2,31.3,0.6887
18/12/2004,02.00.00,1.4,1086,-200,5.1,769,190,822,100,1196,857,12.4,73.8,10574
12/09/2004,11.00.00,-200,1139,-200,5.6,794,-200,908,-200,1456,849,30.1,38.5,16212
12/09/2004,04.00.00,-200,950,-200,4.2,719,-200,982,-200,1372,771,21.6,55.8,14228
19/05/2004,16.00.00,2.5,1251,-200,15.5,1165,144,747,135,1774,975,30.4,24.7,10526
23/04/2004,13.00.00,3,1326,468,18.9,1265,160,757,136,1835,1246,29.2,21.5,0.8573
17/03/2004,01.00.00,1.2,1072,47,5.4,784,95,1066,90,1442,1114,15.5,51.9,0.9059
03/05/2004,19.00.00,3.7,1407,-200,19.4,1279,163,660,120,2009,1308,23.5,43.7,12484
11/03/2004,13.00.00,1.9,1286,63,7.3,869,146,1162,112,1537,799,8.3,76.4,0.8393
20/04/2004,12.00.00,-200,1302,-200,18.7,1260,-200,658,-200,1970,1471,23,37.5,10389
13/04/2004,16.00.00,1.7,1061,149,7.7,887,110,920,88,1462,869,16.3,41.8,0.7712
14/05/2004,11.00.00,1.9,987,-200,10,979,130,923,101,1515,962,25.5,25.6,0.8218
21/12/2004,23.00.00,1.5,927,-200,5.8,805,289,965,140,918,1007,5.8,43.4,0.4037
30/09/2004,09.00.00,-200,1428,-200,20.9,1321,-200,544,-200,1779,1621,18.6,57.2,12146
25/02/2005,03.00.00,1.1,1010,-200,3.4,679,-200,854,-200,1046,889,5,82.9,0.73
23/04/2004,06.00.00,0.8,923,56,4.9,757,72,1041,67,1418,906,14.3,55.4,0.9003
26/11/2004,00.00.00,2.5,1152,-200,9.5,959,373,689,114,1232,1231,9.3,64.5,0.7554
08/11/2004,02.00.00,0.7,757,-200,1.7,561,67,1192,42,998,457,11.1,55.6,0.7344
15/01/2005,12.00.00,2.7,1196,-200,11.6,1035,496,633,177,1259,1338,7.5,64.4,0.672
13/02/2005,13.00.00,1.2,1198,-200,4.9,758,142,698,107,1277,1001,18.7,48,10259
04/09/2004,19.00.00,1.8,1100,-200,9.1,944,-200,730,-200,1524,882,32.8,28.2,13842
24/05/2004,06.00.00,0.5,864,-200,2.8,642,72,1288,69,1255,441,16.5,36.2,0.6752
27/01/2005,13.00.00,1.2,922,-200,4.1,716,192,930,115,893,643,6.6,41.2,0.4046
28/10/2004,00.00.00,0.9,861,-200,4.5,735,99,925,58,1287,789,16.9,72,13749
16/01/2005,00.00.00,3.8,1289,-200,13.6,1104,531,623,165,1257,1499,5.2,67.8,0.6028
06/02/2005,20.00.00,1.8,1002,-200,5.3,780,252,855,179,892,857,5.8,36.4,0.3385
19/05/2004,21.00.00,2,1197,-200,9.3,950,110,823,118,1592,918,20.8,41.8,10155
05/01/2005,01.00.00,1.7,1135,-200,5.6,792,226,727,120,1170,1151,9.5,69.5,0.8261
05/12/2004,20.00.00,1.5,971,-200,4.4,734,237,905,90,1187,808,12.5,71.9,10351
19/03/2004,07.00.00,1.5,1182,-200,6.7,845,115,1054,99,1539,704,12.4,64.9,0.9332
08/04/2004,18.00.00,4.6,1408,808,24,1404,241,646,154,1972,1463,19.3,28.6,0.6357
23/02/2005,10.00.00,1.4,944,-200,3.8,697,243,881,167,1022,688,3.1,83,0.6419
24/09/2004,00.00.00,1,969,-200,6.5,835,97,859,64,1437,773,22.7,53.7,1458
18/09/2004,23.00.00,2.5,1191,-200,12.1,1055,304,707,116,1563,1221,22.2,47.9,12626
15/04/2004,18.00.00,5.9,1765,926,28.1,1507,289,533,149,2271,1895,18.3,44.1,0.9183
13/10/2004,21.00.00,-200,863,-200,4.4,732,-200,970,-200,1207,724,14.9,57.1,0.9581
28/12/2004,08.00.00,-200,1358,-200,15.3,1158,-200,529,-200,1537,1326,9.3,77,0.9018
06/12/2004,10.00.00,4.7,1299,-200,18.5,1254,698,566,161,1662,1488,15.9,63.4,11349
29/09/2004,08.00.00,4.2,1326,-200,28,1504,600,510,122,1968,1609,15.1,59,10086
09/10/2004,09.00.00,3.4,1455,-200,18.7,1260,464,502,84,1868,1540,23.7,56,16238
24/09/2004,10.00.00,3.4,1338,-200,20.3,1305,539,543,138,1929,1521,25.1,49.5,15572
14/12/2004,17.00.00,7.4,-200,-200,-200,-200,1159,-200,257,-200,-200,-200,-200,-200
27/09/2004,15.00.00,1.8,969,-200,9.6,962,244,829,107,1316,856,23.3,28.3,0.8012
18/05/2004,23.00.00,1.7,1083,-200,8.3,911,107,883,96,1507,985,20.2,38.6,0.9016
04/10/2004,07.00.00,-200,1100,-200,11.1,1018,-200,706,-200,1573,1002,18.3,67.5,14044
20/04/2004,10.00.00,-200,1348,-200,17.1,1214,-200,678,-200,1874,1509,16,56.3,10185
04/10/2004,02.00.00,-200,890,-200,3.2,666,-200,969,-200,1323,728,18.9,68.6,14818
21/10/2004,23.00.00,4.2,1455,-200,22.2,1357,441,466,91,1964,1530,21.6,69.2,1763
20/03/2004,22.00.00,2.3,1323,-200,9.9,973,147,864,111,1712,1125,16.2,55.4,10132
29/12/2004,09.00.00,-200,904,-200,2.9,644,-200,949,-200,1036,697,9.3,64.7,0.7575
28/09/2004,02.00.00,0.5,765,-200,2.8,637,141,1138,74,1113,742,15,52.8,0.8929
12/04/2004,23.00.00,0.8,914,56,2.4,610,54,1322,65,1230,455,10.4,58.4,0.7352
09/01/2005,03.00.00,0.8,986,-200,3.4,674,-200,883,-200,1137,730,13.6,62.2,0.9643
17/11/2004,07.00.00,1.2,929,-200,4,713,183,987,92,1002,830,5.9,62,0.5811
17/09/2004,16.00.00,2.4,1071,-200,12.5,1068,303,798,115,1556,988,23.9,40.8,11937
17/10/2004,06.00.00,-200,827,-200,2.1,595,-200,1208,-200,1214,507,13.9,75.2,11884
16/04/2004,05.00.00,1.2,1075,93,5.4,782,97,941,77,1505,988,11.6,76.4,10415
13/02/2005,09.00.00,3.3,1548,-200,13.4,1097,522,491,155,1477,1497,9.5,82.4,0.976
24/03/2004,18.00.00,2.7,1260,263,12,1050,156,828,111,1722,979,10.7,68.5,0.8794
07/12/2004,03.00.00,1.1,911,-200,4.2,719,-200,947,-200,1170,839,11.6,73.4,0.999
30/04/2004,02.00.00,1.2,1097,91,5.9,809,80,897,74,1628,1050,15.7,78.4,13917
25/01/2005,22.00.00,0.1,853,-200,2.4,616,113,1071,87,870,491,4.1,52.5,0.4351
24/02/2005,14.00.00,1.9,1118,-200,7.7,888,290,685,189,1223,962,7.9,69,0.7394
26/01/2005,04.00.00,-200,747,-200,0.2,390,20,1775,20,738,266,3.3,52.8,0.4137
23/01/2005,02.00.00,-200,1051,-200,7.6,883,241,783,150,978,1169,5.7,44.3,0.4093
20/03/2004,04.00.00,-200,945,-200,2.9,646,44,1308,55,1332,505,13.8,54.6,0.8574
19/05/2004,01.00.00,0.7,940,-200,4.2,724,44,1012,68,1407,867,19.2,43.6,0.9591
22/03/2004,09.00.00,3.7,1379,-200,18.4,1252,214,711,115,1962,1237,17.4,42.1,0.8281
10/10/2004,22.00.00,1.5,1069,-200,6.7,844,185,767,63,1527,883,20.8,68.1,16585
23/01/2005,21.00.00,-200,1075,-200,4.7,749,154,827,123,1050,899,7.3,68.1,0.6979
15/09/2004,19.00.00,6.7,1571,-200,31.8,1593,615,469,173,2409,1686,25.1,55.8,17511
13/04/2004,13.00.00,1.5,1009,141,7.7,885,112,994,87,1439,751,16.3,38.1,0.7006
09/01/2005,23.00.00,1.9,1180,-200,7.5,877,242,680,128,1297,1131,14,60.4,0.9622
16/02/2005,01.00.00,2.5,1195,-200,10.7,1004,387,652,193,1078,1421,5.2,44.2,0.3943
27/01/2005,07.00.00,0.7,827,-200,1.4,533,129,1198,91,775,488,4.6,38.1,0.3267
19/10/2004,02.00.00,-200,951,-200,6.5,835,-200,788,-200,1354,887,14.1,76.7,12273
14/04/2004,14.00.00,-200,1164,-200,12.8,1076,-200,788,-200,1653,1032,21.4,28.7,0.7231
13/05/2004,14.00.00,1.7,1056,-200,7.9,894,131,891,93,1576,771,19.5,45,10114
03/11/2004,22.00.00,2.8,1240,-200,15.6,1168,308,582,86,1714,1235,20.5,63,15043
24/04/2004,18.00.00,2.8,1497,283,15.7,1171,147,725,123,1899,1248,24.9,38.1,11838
20/10/2004,17.00.00,8,1884,-200,43.7,1846,895,348,194,2595,2203,24.6,58.9,18005
19/11/2004,08.00.00,4.8,1478,-200,20.5,1310,633,492,194,1775,1542,14.7,63.1,10513
21/05/2004,18.00.00,3.6,1419,-200,20.1,1300,216,670,155,1923,1263,27.6,25.7,0.9382
31/03/2004,10.00.00,1.7,1197,117,6.5,837,144,957,118,1498,965,11.5,71,0.9582
14/01/2005,20.00.00,5.8,1496,-200,25.7,1447,715,435,188,1710,1796,8.3,75,0.8253
27/04/2004,20.00.00,3.6,1295,555,18.9,1266,181,716,137,1849,1359,21.5,34.5,0.8746
12/05/2004,08.00.00,5.9,1754,-200,37.4,1716,333,452,110,2667,1895,17,56.8,10909
20/10/2004,10.00.00,-200,1494,-200,23.1,1379,-200,467,-200,1965,1723,23,61.8,17135
09/04/2004,18.00.00,2.8,-200,278,-200,-200,166,-200,127,-200,-200,-200,-200,-200
30/10/2004,03.00.00,1.4,979,-200,5.9,805,-200,809,-200,1383,843,16.8,81.5,15418
23/11/2004,08.00.00,4.5,1565,-200,24,1405,920,488,139,1830,1696,9.5,77.9,0.9278
25/09/2004,01.00.00,1.1,837,-200,3.7,693,26,1096,7,1178,584,15.4,53.6,0.9326
15/09/2004,11.00.00,-200,1393,-200,21.6,1340,-200,529,-200,2080,1500,23.2,68.4,19243
25/03/2004,05.00.00,0.5,878,21,0.6,457,12,1935,20,1158,344,9.9,66.8,0.8152
27/11/2004,07.00.00,2.1,1273,-200,9.2,946,439,729,110,1349,1217,12.8,80.8,11898
30/04/2004,10.00.00,2.7,1315,212,12.6,1072,191,736,116,1833,1273,16.3,73.2,13458
21/05/2004,03.00.00,0.3,889,-200,2.7,633,-200,1123,-200,1344,683,16.3,51.6,0.9461
05/05/2004,17.00.00,1.6,981,-200,10,978,79,857,72,1682,835,17.7,56.9,11392
16/11/2004,22.00.00,2.2,1046,-200,7.8,890,300,791,142,1109,1195,10.7,47.5,0.6108
09/02/2005,01.00.00,0.9,-200,-200,-200,-200,122,-200,100,-200,-200,-200,-200,-200
01/11/2004,09.00.00,1.9,1111,-200,9.8,970,266,667,62,1594,1441,20.3,71.1,16803
29/01/2005,05.00.00,0.5,766,-200,0.5,448,33,1494,31,734,321,1,54.7,0.3657
03/04/2004,04.00.00,0.8,986,57,3,651,60,1145,74,1380,891,14.5,58,0.9488
22/12/2004,06.00.00,0.5,821,-200,1.7,563,103,1270,74,807,678,4.7,49,0.4209
10/10/2004,23.00.00,1.5,1073,-200,6.6,838,178,768,63,1549,892,20.7,68.4,16507
08/12/2004,17.00.00,1.9,1082,-200,6.5,834,303,800,107,1207,1057,15.2,58,0.9927
08/11/2004,21.00.00,-200,1054,-200,13.7,1106,-200,679,-200,1297,1239,8.6,60.5,0.6788
09/12/2004,20.00.00,2.6,1006,-200,10.3,987,285,1028,124,1247,964,14.5,45.4,0.7458
28/04/2004,09.00.00,4.6,1592,658,24.7,1423,322,577,146,2155,2108,19.3,46.4,10248
15/02/2005,05.00.00,0.3,805,-200,0.5,437,28,1491,28,738,296,6.9,39.8,0.3966
07/04/2004,11.00.00,1.5,1016,110,6.6,839,119,991,97,1448,790,16.6,44.3,0.8294
17/11/2004,00.00.00,1.7,974,-200,5,764,196,910,107,1029,992,9.5,51,0.6045
30/03/2004,09.00.00,4.2,1556,695,21.5,1337,283,674,150,1852,1689,16.3,28.8,0.5305
01/01/2005,07.00.00,1.4,974,-200,4.5,736,168,888,97,945,966,3,60.7,0.4667
02/04/2004,11.00.00,2.9,1328,468,14.2,1123,180,738,127,1821,1368,19.4,44.1,0.9855
06/10/2004,11.00.00,-200,1392,-200,17.7,1231,-200,530,-200,1771,1567,25.7,46.4,1507
14/09/2004,01.00.00,0.7,891,-200,3.9,708,110,1005,51,1382,823,24.8,49,15092
16/04/2004,04.00.00,1,1033,70,3.6,686,63,1030,69,1420,948,11.9,74.8,1038
20/02/2005,12.00.00,1.1,1023,-200,2.5,623,120,916,97,976,571,9.1,56.2,0.6515
07/09/2004,20.00.00,3.3,1172,-200,15.3,1159,-200,597,-200,1653,1290,27.4,30.8,11112
03/04/2004,23.00.00,-200,1316,-200,9.3,952,-200,847,-200,1644,1047,17.5,53.8,10648
27/12/2004,17.00.00,2.2,1138,-200,6.9,854,262,735,117,1276,911,13.3,68.2,10356
11/12/2004,19.00.00,2,979,-200,9.2,946,323,826,138,1018,1026,14.6,24.6,0.4054
09/11/2004,11.00.00,-200,1257,-200,20.4,1308,-200,548,-200,1466,1720,11.1,48.8,0.643
21/09/2004,10.00.00,4.4,1435,-200,24.2,1408,598,537,191,1991,1704,25.8,44.2,14512
18/05/2004,12.00.00,2.7,1244,-200,15.4,1162,162,765,123,1735,1189,30,20,0.8338
22/03/2004,22.00.00,2,1132,143,8.4,916,128,920,113,1561,1083,13.9,52,0.8231
10/01/2005,13.00.00,2.6,1451,-200,20.1,1298,575,452,148,1744,1634,14,65.4,10427
23/10/2004,00.00.00,1.7,1146,-200,10.1,983,201,673,71,1518,1136,20.4,66.7,1583
24/10/2004,21.00.00,1.3,1015,-200,7.3,869,147,747,72,1439,1375,21.2,63.4,15748
09/05/2004,06.00.00,-200,924,-200,5.2,774,-200,987,-200,1460,909,11.3,73.8,0.9848
23/11/2004,04.00.00,-200,1084,-200,6.1,816,226,776,94,1165,1126,7.9,81.8,0.8759
25/11/2004,19.00.00,3.1,1226,-200,15.4,1161,402,606,137,1368,1442,13.3,50.9,0.7745
21/10/2004,16.00.00,3,1400,-200,17.7,1230,362,519,102,1864,1483,26.5,52.2,17769
03/12/2004,08.00.00,3.8,1528,-200,21.1,1328,736,487,124,1839,1389,13.7,84.5,13202
04/02/2005,13.00.00,1.2,1019,-200,6.3,825,229,781,138,994,901,14.5,28.3,0.4665
05/02/2005,14.00.00,1.1,903,-200,3.7,696,180,932,129,850,629,9.3,33.1,0.3874
15/09/2004,16.00.00,-200,1269,-200,17.2,1215,-200,608,-200,1939,1296,26.3,56.5,19018
22/11/2004,00.00.00,0.3,970,-200,5,763,163,917,116,930,1132,5.6,48,0.4412
13/12/2004,09.00.00,3.4,1238,-200,16.7,1202,475,748,138,1382,1429,7.3,61.4,0.6306
11/12/2004,01.00.00,1.6,856,-200,4.4,734,263,1041,121,853,781,12.5,24,0.3462
03/12/2004,11.00.00,3.6,1290,-200,13,1084,596,586,144,1544,1362,15.8,74.7,13336
07/05/2004,11.00.00,1.3,844,-200,6.3,825,90,1027,101,1405,536,19.7,33.7,0.7646
30/12/2004,06.00.00,-200,766,-200,0.7,470,-200,1317,-200,810,404,8.5,44.8,0.498
24/04/2004,12.00.00,2.6,1391,350,14.6,1136,134,738,105,1840,1296,27.2,32.4,11493
18/09/2004,01.00.00,0.9,847,-200,3.7,694,112,1153,70,1240,594,21.5,45.6,11528
16/09/2004,13.00.00,2.1,1044,-200,11.7,1039,333,771,127,1609,1076,23.3,47.1,13281
20/05/2004,23.00.00,2.1,1242,-200,12.3,1060,141,745,117,1693,1359,20.2,42.8,0.9983
30/04/2004,15.00.00,3.4,1399,265,16.7,1201,185,699,121,1971,1318,22.7,45.8,12465
03/10/2004,12.00.00,-200,1229,-200,11.3,1025,-200,663,-200,1588,1073,26.6,43.7,15031
28/02/2005,14.00.00,1,812,-200,2.9,646,156,1045,110,731,421,3.7,35,0.2823
18/12/2004,18.00.00,1.2,784,-200,4.6,744,219,1080,102,802,608,12.4,19.6,0.2797
06/11/2004,05.00.00,0.5,852,-200,2.8,641,83,1012,44,1172,710,17,64.5,12374
06/10/2004,05.00.00,-200,917,-200,3.6,686,-200,933,-200,1304,805,18.3,68.5,14291
21/10/2004,12.00.00,3.3,1357,-200,17.7,1230,404,542,103,1834,1373,25.2,53.3,16834
16/02/2005,14.00.00,1.5,987,-200,6,810,199,801,137,939,830,8.5,36.3,0.4026
07/11/2004,22.00.00,1.8,927,-200,7.3,868,255,847,117,1155,864,12.7,51.2,0.7505
11/03/2004,07.00.00,1.1,1144,29,3.2,667,98,1490,82,1339,730,10.2,59.6,0.7417
29/01/2005,12.00.00,1.1,873,-200,2.4,610,139,1051,102,819,527,3.6,45.8,0.3674
17/10/2004,04.00.00,-200,817,-200,2.2,602,-200,1120,-200,1227,470,16,69.5,12549
09/12/2004,18.00.00,2.3,1045,-200,9.5,960,301,1376,118,1259,972,14.6,48,0.7902
13/12/2004,03.00.00,1.3,882,-200,2.4,614,-200,1221,-200,931,888,6.9,62.3,0.6227
05/12/2004,23.00.00,1,892,-200,3.3,672,146,1012,73,1111,706,13.1,64.3,0.9628
02/12/2004,09.00.00,5,1477,-200,27.9,1501,860,444,139,1972,1691,13.3,70.7,10749
23/10/2004,23.00.00,2.6,1302,-200,13.1,1088,271,594,84,1639,1297,20,69.5,16109
04/11/2004,06.00.00,0.7,897,-200,4.7,750,156,874,46,1270,799,15.8,73.5,13151
14/05/2004,19.00.00,4.5,1302,-200,21.8,1346,230,706,164,1880,1698,24.6,25.1,0.7636
25/09/2004,11.00.00,1.5,915,-200,6.5,834,168,1006,66,1243,686,19.1,37,0.8104
22/11/2004,13.00.00,3,1360,-200,23.5,1392,896,490,235,1458,1863,7.8,49,0.5191
21/04/2004,14.00.00,-200,1055,-200,9.6,964,-200,953,-200,1513,770,26.3,24.8,0.8393
10/02/2005,06.00.00,1.7,-200,-200,-200,-200,178,-200,134,-200,-200,-200,-200,-200
05/09/2004,01.00.00,3,1194,-200,18.5,1255,-200,555,-200,1694,1452,27.2,33.3,11788
09/10/2004,20.00.00,3.5,1455,-200,17.3,1218,394,535,107,1796,1387,26.2,51.7,17334
27/10/2004,12.00.00,3.2,1214,-200,16.8,1203,445,580,129,1739,1308,20.7,58.6,14142
17/04/2004,02.00.00,1.9,1100,134,6.4,829,103,887,83,1565,972,12.7,81.2,11849
22/01/2005,01.00.00,1.6,1395,-200,14.4,1131,811,552,216,1362,1553,7.3,76.7,0.7862
17/01/2005,05.00.00,0.5,795,-200,1,504,94,1258,79,840,682,2.6,58.6,0.4385
26/03/2004,20.00.00,2.6,1140,261,10.6,1000,120,916,93,1490,962,10,51.1,0.628
22/09/2004,23.00.00,1.8,1077,-200,9.6,964,163,749,93,1571,923,22.9,62,17127
25/09/2004,12.00.00,1.4,857,-200,6,813,51,1040,14,1183,622,19.3,34.8,0.771
17/09/2004,19.00.00,3.1,1082,-200,15.9,1178,341,733,129,1605,1077,22.8,42.5,11608
14/03/2004,01.00.00,2.8,1484,131,11.9,1045,174,880,119,1624,1530,14.6,51.5,0.8536
15/01/2005,02.00.00,2,1051,-200,6.2,820,285,778,122,1087,1009,4.8,79.4,0.6872
29/03/2004,20.00.00,1.6,1020,154,5.7,797,95,1066,99,1302,689,13.2,37.9,0.5733
06/05/2004,16.00.00,3.6,1272,-200,14.6,1136,209,730,139,1869,1077,12.7,74.2,10863
24/03/2004,02.00.00,0.9,948,35,2.7,634,43,1320,61,1326,715,11.3,60,0.8025
30/03/2004,06.00.00,1.1,1054,86,5.3,779,111,1080,98,1266,1013,11.3,40.3,0.5376
14/03/2004,00.00.00,2.9,1534,93,11,1013,190,889,129,1611,1535,13.9,53.6,0.8498
09/11/2004,14.00.00,-200,1094,-200,14.8,1144,-200,669,-200,1327,1209,12.5,42.8,0.6177
22/10/2004,11.00.00,2.1,1235,-200,14.3,1125,241,574,81,1704,1462,24.5,54.5,16514
28/10/2004,03.00.00,0.7,881,-200,4.2,724,-200,913,-200,1277,776,14.8,79.7,13286
22/04/2004,11.00.00,-200,1243,-200,15.4,1162,-200,766,-200,1731,1354,26.1,26.8,0.8921
03/04/2004,09.00.00,3.1,1472,422,14.3,1126,211,720,106,1816,1460,17,50.5,0.9684
29/04/2004,09.00.00,3.5,1408,475,18,1241,250,648,135,1886,1711,18.6,47.8,10143
20/11/2004,04.00.00,-200,714,-200,2.3,605,146,1278,94,738,594,9.7,22.5,0.2698
25/01/2005,12.00.00,0.3,876,-200,3.9,703,235,968,126,892,653,5.7,44.1,0.4063
30/05/2004,10.00.00,0.4,844,-200,3.7,696,58,1353,64,1292,507,25.5,25.9,0.8339
28/12/2004,17.00.00,-200,1233,-200,14.9,1144,-200,575,-200,1436,1271,13.1,54.3,0.8167
29/09/2004,16.00.00,3.6,1205,-200,19.9,1295,440,626,184,1613,1267,28.6,23.2,0.8917
26/03/2004,22.00.00,1.2,953,66,4.6,743,79,1185,85,1252,690,9.7,50.4,0.6063
20/02/2005,21.00.00,1.4,1029,-200,3.8,699,193,851,140,1001,795,7.7,56.9,0.5994
25/12/2004,19.00.00,4.8,1633,-200,18,1240,592,496,170,1555,1906,10.9,75.9,0.9868
24/03/2004,00.00.00,1.2,1045,55,4.9,756,70,1137,85,1411,902,11.1,62.2,0.8199
13/10/2004,00.00.00,-200,786,-200,2.2,600,-200,1164,-200,1132,511,14.8,57.9,0.9662
06/11/2004,04.00.00,0.9,916,-200,4.3,726,129,879,54,1248,791,15.6,70.8,12461
26/02/2005,16.00.00,2.5,933,-200,3.1,660,132,955,98,911,488,9,47.3,0.542
07/04/2004,04.00.00,0.3,804,30,0.7,468,12,1826,19,1166,320,15.7,45.4,0.8063
10/02/2005,10.00.00,4.3,-200,-200,-200,-200,604,-200,250,-200,-200,-200,-200,-200
16/12/2004,01.00.00,2,-200,-200,-200,-200,289,-200,100,-200,-200,-200,-200,-200
10/09/2004,18.00.00,3.3,1211,-200,16.5,1194,393,797,164,1599,1188,31.6,22.7,1041
02/10/2004,21.00.00,-200,1193,-200,11.2,1021,-200,666,-200,1633,1152,22.1,61.1,16012
17/03/2004,18.00.00,5,1557,386,27,1478,299,793,158,1981,1569,25.9,16,0.5237
30/03/2004,23.00.00,1.5,1098,101,4.7,747,80,1094,91,1360,764,14.9,43.5,0.7302
16/11/2004,13.00.00,2.5,948,-200,11.1,1017,389,1065,147,1077,929,17.3,20.4,0.4011
03/04/2004,06.00.00,0.9,1041,60,3.5,683,73,1112,69,1398,899,13.9,59.6,0.9408
22/01/2005,17.00.00,-200,951,-200,7.1,862,256,823,138,972,961,14.4,25.7,0.4193
02/02/2005,09.00.00,6.7,1549,-200,27.3,1485,883,422,224,1638,1930,2.8,64.2,0.4859
03/02/2005,09.00.00,5.6,1544,-200,29.1,1530,975,416,309,1706,2030,2.1,62.2,0.4491
05/10/2004,02.00.00,-200,820,-200,2.5,620,-200,1081,-200,1270,703,20.8,58.8,14305
29/12/2004,20.00.00,-200,990,-200,7.2,865,-200,764,-200,1130,902,10.8,47.3,0.6122
08/02/2005,16.00.00,1.5,942,-200,4.4,733,271,912,156,800,609,13.6,20,0.3093
20/01/2005,15.00.00,2.3,982,-200,10.3,990,378,745,140,1018,1059,15.1,20.8,0.3536
12/12/2004,07.00.00,1.3,909,-200,4,709,206,936,95,953,921,4.8,64.6,0.563
06/12/2004,22.00.00,1.7,1001,-200,7.3,871,245,806,87,1264,1071,16.6,58.5,10963
07/09/2004,05.00.00,0.7,882,-200,4,711,-200,936,-200,1310,741,22.9,46.5,12861
23/12/2004,04.00.00,1.3,874,-200,3.1,657,129,985,85,867,930,1.5,61.4,0.4235
03/01/2005,16.00.00,2.2,-200,-200,-200,-200,329,-200,138,-200,-200,-200,-200,-200
07/09/2004,00.00.00,1.2,966,-200,5.2,774,-200,859,-200,1352,644,24.6,40.5,12362
05/11/2004,17.00.00,8.1,1870,-200,45,1871,1001,351,180,2483,2165,23,54.2,15066
02/09/2004,15.00.00,-200,1049,-200,13.5,1100,-200,667,-200,1635,870,36.4,20.3,1214
09/10/2004,03.00.00,0.9,1061,-200,5.4,785,-200,766,-200,1447,935,21,64.4,15828
29/12/2004,06.00.00,-200,883,-200,1.6,549,-200,1019,-200,1025,607,9.4,70.9,0.8386
08/09/2004,19.00.00,4.7,1383,-200,24.1,1406,502,824,176,1582,1678,29.9,22.3,0.9235
17/12/2004,17.00.00,3.8,-200,-200,-200,-200,499,-200,152,-200,-200,-200,-200,-200
27/05/2004,23.00.00,-200,1038,-200,9.6,961,-200,1026,-200,1530,949,19.4,38.1,0.8511
03/05/2004,22.00.00,1.1,1016,-200,5.3,780,61,967,70,1566,806,19.5,57.1,12806
28/04/2004,15.00.00,3.5,1387,559,20.8,1318,197,701,145,1890,1299,28.4,23.4,0.8935
01/11/2004,17.00.00,3.7,1394,-200,16.4,1193,496,547,110,1811,1386,23.2,65.6,18435
12/01/2005,13.00.00,3.8,1337,-200,17.7,1231,647,505,185,1518,1611,14.7,52.3,0.8687
14/02/2005,08.00.00,2.3,1233,-200,11.4,1030,388,619,176,1257,1291,9.4,44.9,0.5296
29/11/2004,01.00.00,2.3,1146,-200,8,900,283,718,99,1280,1183,9.9,80.5,0.984
30/12/2004,02.00.00,-200,806,-200,1.8,567,-200,1163,-200,878,490,9.4,45.4,0.5355
25/02/2005,23.00.00,2.7,1188,-200,10.1,983,482,648,170,1193,1338,5.1,68.2,0.6033
23/05/2004,21.00.00,1,1094,-200,6.1,815,74,934,69,1563,852,21.4,46.6,11764
15/12/2004,16.00.00,4.7,-200,-200,-200,-200,933,-200,176,-200,-200,-200,-200,-200
27/09/2004,05.00.00,0.9,894,-200,5.6,794,179,889,71,1266,908,14.1,61.7,0.9844
02/04/2004,23.00.00,2.3,1408,294,12.1,1052,149,761,124,1684,1443,16.8,53.2,1.01
